nep4 2 H O 
cutoff 8 4 949 130
n_max 8 8
basis_size 8 8
l_max 4 2 0
ANN 120 0
 -3.0083908e-02
 -5.1283427e-02
 -1.9481391e-02
  8.3134212e-03
 -2.0599177e-01
  2.1826215e-02
  4.7244929e-02
 -7.0157731e-03
 -5.3328574e-03
 -6.7549795e-03
  2.4884792e-02
 -2.9839906e-03
 -5.2074689e-02
 -1.0729649e-03
 -2.1753974e-02
  2.8386998e-03
 -1.8347416e-02
 -9.8829707e-03
 -1.5159453e-02
 -4.4085868e-02
  1.0408561e-02
  1.0949834e-02
 -1.3269157e-02
  3.5296355e-03
 -1.1806961e-02
  2.6727095e-01
 -1.1494975e-02
 -2.5919343e-03
 -1.6476652e-02
  1.2461272e-03
 -6.6307071e-03
  7.0256288e-03
  1.5799880e-02
 -2.2280077e-02
  3.3666223e-02
  1.2229913e-02
 -3.5210131e-03
 -3.4333911e-02
  6.7743242e-01
  3.6952239e-02
  4.5432791e-02
 -6.5287729e-03
  1.5757490e-03
 -3.3861415e-03
 -7.7476680e-02
  8.0598770e-03
 -2.9631365e-02
  9.0452269e-02
 -4.8369789e-03
 -2.4834136e-02
 -2.7011853e-01
  7.6026114e-04
  1.5342857e-03
  3.8434766e-02
 -3.8356125e-02
 -2.5026476e-01
  4.1355282e-01
 -3.8334548e-02
  7.9769754e-01
  1.3902863e-04
  1.0307847e-01
 -1.7841835e-02
 -7.3692645e-04
 -1.5378394e-02
  8.7515255e-03
  1.6945742e-02
 -3.1143314e-01
  1.6869395e-03
 -1.3677934e-02
 -4.7421899e-02
 -3.0892625e-01
 -1.0491722e-02
  6.9867079e-03
 -2.1596588e-02
  1.9904659e-03
  3.2686782e-03
  9.9720179e-05
  4.6001025e-03
  7.6891696e-03
 -6.1087769e-02
  1.7373575e-03
 -2.0689506e-02
 -3.8265951e-03
 -3.0224591e-03
 -3.2284883e-01
  6.6240984e-03
 -5.3236276e-02
 -5.4857330e-03
  2.6612675e-03
  3.2743094e-03
  2.9371649e-02
  1.0258241e-01
  7.9597567e-06
 -5.0327699e-03
  4.2179257e-02
 -2.6540208e-01
 -2.2238258e-03
 -1.6735874e-02
 -1.7586190e-02
  1.9896780e-01
  2.0932651e-01
  3.2864641e-02
  1.1803117e-02
 -7.4309491e-02
 -3.9059771e-03
  3.3530224e-02
 -4.7204494e-02
  1.0572828e-02
  9.8479143e-04
  1.8965491e-03
 -5.9153281e-02
 -5.7384758e-03
  3.4748584e-01
 -1.2005647e-02
 -9.1142869e-03
 -1.1629694e-02
  6.4181171e-02
 -2.9631352e-02
  1.5439363e-02
 -8.2950611e-03
  9.6660303e-03
 -1.8288700e-02
  2.7160846e-02
 -8.3599947e-02
  1.0363371e-02
  1.9698841e-03
 -1.0687966e-03
 -1.5389489e-02
  2.2067538e-02
  1.4190776e-02
 -5.7824735e-02
 -1.9785024e-01
 -1.1206491e-02
  8.5447449e-03
  3.8937842e-03
  3.2322083e-02
 -4.3070517e-03
  6.2799349e-02
  4.5008785e-03
  4.6962774e-03
 -2.1860119e-02
  1.2625834e-01
  3.1707790e-02
 -1.2236531e-03
 -1.4317944e-02
 -3.0781155e-02
  3.1429179e-02
  2.5595099e-02
  3.4940094e-02
 -1.0285714e-01
 -1.6440487e-02
  1.4177701e-02
  1.7923580e-02
  1.5645381e-03
  1.9857140e-02
 -3.9454727e-03
  3.4421541e-02
  3.1366652e-01
 -9.7720670e-03
  1.3741918e-02
  1.5033295e-03
  1.4542662e-01
  1.4109731e-02
 -6.1255072e-05
 -7.5528687e-03
 -3.8153257e-02
  5.1028081e-03
  7.7729342e-03
  1.0458901e-02
  4.5866211e-04
 -6.0976981e-03
  9.5156895e-05
  1.4997340e-02
 -1.0055603e-02
 -5.4259079e-05
  8.1701676e-04
  8.8323466e-03
 -6.8775313e-03
  1.4479537e-01
  6.2100280e-02
  1.2471077e-01
  3.1610217e-02
 -3.3905524e-01
 -1.9410279e-03
  2.2865448e-03
  2.3437052e-03
  1.5501538e-02
  6.2155258e-03
 -1.0831432e-02
  9.4121611e-03
  5.2227373e-03
 -1.2771013e-04
 -1.7579140e-02
  2.4472840e-02
 -1.1213056e-02
  9.4148526e-03
 -3.9952504e-03
  1.1020375e-03
 -8.1805829e-03
  1.5315481e-03
  6.2041064e-03
  8.4991299e-04
  4.6741775e-01
 -2.4961244e-02
  4.4485941e-03
  2.1242383e-03
 -7.1052383e-03
  1.4172722e-02
  1.7795749e-02
  6.7461040e-03
  2.2582840e-03
 -1.0127814e-02
  5.5345041e-01
 -8.2108499e-03
 -2.1502914e-02
 -5.4306692e-01
 -2.5865423e-02
 -4.0427111e-02
  1.3510711e-03
 -3.2197222e-02
  5.6112123e-01
  1.1188670e-02
  2.8019473e-02
 -6.0821828e-02
 -2.3792654e-02
 -9.4292354e-04
  5.9793782e-03
  3.5056032e-02
  2.5871869e-03
 -2.7751110e-02
 -3.0125674e-02
 -7.8253318e-03
 -2.2986170e-03
 -4.3995115e-03
  2.5075743e-02
  2.7744912e-02
  2.7233204e-02
 -1.0251552e-02
 -1.9919947e-02
 -2.2886125e-02
  8.5037574e-03
 -2.1080313e-02
 -7.5428158e-02
 -1.4508086e-02
 -3.6753457e-02
 -3.3503357e-02
 -5.5967975e-02
 -3.1201527e-02
 -1.1528902e-02
 -7.8683076e-03
 -4.9891160e-03
  4.2652511e-03
 -5.5462797e-03
  1.9540543e-02
 -7.4541448e-03
 -1.8106189e-02
 -6.4218938e-02
 -1.8019391e-02
 -2.3030808e-02
 -9.9968268e-03
 -3.3849131e-02
 -8.4030591e-03
 -6.0531381e-04
  3.9020177e-02
  3.6653683e-02
  2.9458603e-02
  1.2094056e-02
 -7.6126056e-03
  1.0439713e-01
  1.7478880e-03
  7.6409721e-01
 -7.2986027e-03
 -2.0738296e-02
 -3.6548685e-02
 -1.2953523e+00
 -6.4234282e-03
  2.5228381e-02
 -2.4937731e-03
  1.9083584e-04
 -3.1733450e-02
 -1.2901850e-01
 -6.2431688e-03
  2.9930079e-04
  4.9845651e-03
  1.2178173e-02
 -2.7022153e-02
  9.6518975e-03
 -4.0053129e-03
 -5.0812853e-03
 -2.0448674e-01
 -1.6712014e-02
  2.3081031e-02
 -1.8525675e-02
  3.3435442e-03
  2.7271878e-02
 -1.8188236e-02
 -5.5726445e-03
 -1.2731546e-02
 -8.8175787e-03
 -8.6897202e-02
  2.0173321e-02
 -2.1889996e-02
  1.8726666e-01
  1.0997077e-02
  6.0059242e-03
  1.6227484e-02
 -3.3946941e-04
 -1.5360266e-03
 -4.5320142e-02
  2.0904292e-03
 -2.7266031e-02
 -1.1250132e-01
 -1.1113527e-02
 -2.5259471e-03
  1.3007262e-03
 -1.9827023e-02
  1.9644804e-02
  4.6504941e-03
 -2.0241071e-02
  6.3017472e-03
  1.6623285e-02
 -1.5055258e-02
  5.7209428e-02
  1.5957890e-02
  2.1874224e-01
 -1.8922675e-03
 -7.5627305e-02
  3.5456575e-02
 -5.1570769e-02
  9.1674607e-03
 -5.1084103e-04
  8.0828771e-02
 -6.5054549e-03
 -8.8679027e-03
 -2.0950016e-02
  1.6203133e-02
 -2.6029287e-02
  3.2341987e-02
 -4.5514841e-02
  1.0853967e-03
  2.4819882e-01
  4.1523680e-02
  1.4521956e-02
 -1.4629944e-01
 -4.7532618e-02
  1.4770385e-02
 -2.8306122e-03
  7.0589401e-02
  3.2656442e-02
  4.1633807e-03
  1.2851745e-02
  7.8036033e-02
  6.4557283e-03
 -2.7007338e-02
  9.3642174e-04
  1.5427851e-03
  1.1755497e-03
 -2.5027839e-03
 -1.2750032e+00
  2.1829830e-02
 -6.3328445e-04
 -4.6355417e-03
  3.5859194e-02
  1.8524379e+00
  3.8563705e-04
  2.6680801e-02
  1.3564292e-02
 -2.2242635e-03
  5.7982127e-03
 -1.1112444e-02
  5.4348105e-01
  1.5680470e-02
 -1.0790282e-02
  4.1187193e-02
  3.7169852e-03
  7.1263369e-03
  2.8719943e-02
  1.0126015e-02
 -5.7983547e-01
  2.1791293e-03
 -2.6477668e-01
  8.2443476e-02
  2.0014429e+00
  3.9712857e-02
 -5.5570728e-01
 -3.4216061e-02
 -1.1724803e-01
 -4.9742348e-02
  4.9730740e-03
 -1.0147819e-01
  4.2882201e-01
  2.5177069e-02
  3.4320936e-01
  1.2020552e+00
  4.4974932e-03
  1.9422847e-01
 -1.0737928e-01
 -2.1347163e-02
 -4.2664271e-02
  6.7628011e-02
  1.3805778e-01
  5.5665672e-01
  4.8166788e-01
  2.8964710e-01
 -7.3880567e-03
  1.2764254e-01
  4.1471809e-01
  2.8758934e-01
  7.0545685e-01
 -4.2514969e-03
  8.1661701e-01
  5.5568457e-02
  5.8770239e-01
  1.2494690e-02
  5.1712245e-02
  2.1777335e-01
 -9.4854487e-03
  1.9596484e-01
 -2.2751760e-02
  3.4863666e-02
  4.0507647e-03
  1.5434583e-02
 -3.9915387e-03
 -4.4062641e-01
 -4.1516330e-03
 -1.8404460e-02
 -3.9612548e-03
 -4.9936887e-02
  2.3566599e-01
 -2.8384801e-02
  2.9974788e-02
 -2.1004628e-02
  1.2110618e+00
  9.4270883e-03
 -3.3025607e-02
 -5.5502933e-03
  1.2442949e-01
  2.4012516e-03
  2.7304862e-03
 -5.9200698e-03
 -1.3573952e+00
  1.6485494e-02
  1.3162378e-02
 -1.6294176e-02
  9.8822480e-03
  1.0451351e-02
 -2.5909355e-02
 -1.4001466e-02
  1.0435292e-02
 -9.3586398e-03
  2.7942434e-03
 -1.4175978e-03
 -4.0099022e-01
  3.2709492e-03
  2.3458421e-02
 -5.8978093e-01
 -1.0278658e-02
 -1.1255347e-02
 -1.9218126e-02
  2.0488885e-03
  2.6606338e-03
 -6.3639279e-03
  6.7339790e-01
 -7.7293115e-03
 -1.3831642e-02
 -3.7687343e-02
  6.1986558e-03
 -2.7881417e-02
  1.9061649e-02
 -1.3546383e-02
  5.9500191e-04
 -4.4479646e-02
  2.1236239e-02
 -3.9513963e-03
 -1.2773651e-02
 -4.7688562e-02
 -3.1921519e-03
 -1.7327353e-02
  7.0568144e-02
  9.4958888e-03
 -1.5405341e-02
 -1.7500300e-02
  1.0701807e-01
  2.8379757e-03
  3.9882725e-03
 -2.8188489e-02
  1.9188783e+00
 -8.6087734e-01
 -6.4820577e-03
  4.8714853e-03
 -9.2239577e-01
  4.3766499e-03
 -1.1328934e-01
 -2.5491996e-02
  1.3117151e-01
 -1.0690054e-02
  1.1469585e-01
  1.6990419e-02
  7.0209205e-02
  4.2688396e-02
 -4.6991697e-03
  5.3290918e-02
  2.2660427e-01
 -1.2891411e-02
 -1.4194977e-02
 -1.8068978e-01
  2.0971568e-02
  1.1432263e-02
 -1.7568903e-01
 -4.8796986e-03
 -7.2475597e-03
  2.2258135e-02
  5.4308202e-04
  1.5164642e-02
  1.0198037e-02
  3.9508339e-02
 -2.5893586e-02
  1.0592140e-02
  6.6152290e-03
 -9.0099819e-02
  2.4615333e-03
 -6.3837707e-02
  1.0688123e-01
  9.9372743e-03
 -5.6078499e-03
 -2.3336685e-03
 -6.4883693e-03
 -2.2221396e-02
 -4.5751780e-02
 -1.1828132e-02
 -3.9112777e-03
 -3.7464637e-02
  3.6588318e-03
 -2.9801358e-02
 -2.6254896e-03
  9.7825192e-03
 -1.8061819e-02
 -4.3852809e-03
 -1.2399551e-05
 -1.6161241e-02
 -1.5127136e+00
  8.1292593e-01
  8.9876580e-01
 -2.5880486e-01
  3.0171040e-01
  2.1376578e-02
  6.3999182e-01
 -1.6544195e+00
 -6.5861070e-01
  7.9636753e-01
 -1.7778016e+00
 -3.8340449e-01
 -8.1772876e-01
  1.3777235e+00
  2.8946954e-01
  2.5409347e-01
  1.7441594e-03
  1.1675370e+00
  1.1285838e-01
  2.5823483e-01
 -2.0845830e-01
  2.0931367e-02
  1.0361712e+00
 -1.0131768e+00
  1.5119053e+00
  1.2414020e+00
  6.1490089e-03
  8.1091332e-01
  8.8049567e-01
  5.7474691e-01
  5.6319769e-02
  1.8422874e-02
  4.3550304e-01
  1.1497092e-01
  9.4477302e-01
 -2.1633291e-01
  6.3540715e-01
  1.3385566e-01
  2.5092834e-01
 -1.9973855e-01
  1.8194537e-01
 -9.7168324e-04
 -5.8651310e-01
  1.3837391e-01
  2.6375899e-01
  1.9434792e-01
 -2.7423921e-01
  3.9570987e-02
 -1.1071852e-01
  1.2681758e-01
 -1.1853839e+00
  3.2236935e-03
 -6.6999662e-01
 -3.6051251e-02
 -7.1855551e-03
 -3.9288243e-03
  2.6741108e-02
  9.8236305e-05
 -3.8493507e+00
 -1.6633503e-02
  7.2529987e-03
 -7.7480255e-03
  3.1381585e-02
 -4.2085755e-03
  1.6915197e-03
 -1.3923302e-02
 -1.4304935e-03
 -3.2468168e-03
  2.6773993e-02
 -1.4718546e-01
 -1.1565887e-02
  1.6620133e-02
  1.9117364e-03
  7.0757736e-03
  1.3178830e-02
  1.2425291e-02
 -9.7095305e-03
 -9.4267223e-03
 -3.9231954e-03
 -3.9862074e-02
  2.5334174e-02
  2.5691467e-03
  8.1388215e-03
  3.0371835e-03
  1.1593098e-02
 -3.2475896e-03
 -4.1856164e-01
  2.1788675e-02
 -9.3353977e-03
 -2.2657612e-02
 -8.9285814e-04
  1.5652262e-03
 -1.1534035e-02
 -7.4861152e-03
 -5.1448504e-03
  9.1667793e-04
 -8.8043716e-03
  4.5328368e-03
 -5.6765042e-03
  1.6075857e-02
 -6.9485032e-03
 -1.6170224e-02
  1.3900080e-02
 -5.2829333e-02
  1.9051650e-03
  1.6020665e-02
  6.3426979e-03
  4.5922282e-04
 -2.4911208e-01
 -1.3805975e-02
  5.5159093e-05
  2.7482981e-02
  1.2248049e-01
  3.9471192e-03
 -7.2775984e-01
  1.1195743e-02
 -1.3635715e+00
 -2.2869697e-02
  2.3499736e-01
  4.9154040e-01
 -3.2720536e-02
 -2.2854950e-01
 -3.8485175e-01
  9.4501954e-04
 -1.1754482e-01
 -1.1331880e-02
 -9.8947644e-01
  1.0629373e+00
  2.8203394e-02
 -4.7364179e-02
  4.1968629e-02
 -6.8895957e-03
  4.1154921e-03
  3.0772096e-02
 -7.7086827e-03
 -8.7975515e-03
  1.5718459e+00
 -1.5143021e-02
 -1.2862392e-01
  3.4437468e-03
  8.0982667e-01
 -2.4915237e+00
  2.3217440e-02
 -6.4567504e-03
 -1.8793866e-02
  9.8306559e-02
  1.8455215e-03
 -1.5879558e-02
 -4.0712735e-01
  1.2856653e-01
  1.8772196e-02
  4.7020189e-02
  5.8735903e-02
 -1.5085927e-02
 -2.1428752e-01
  7.9944646e-03
  8.6174561e-03
 -1.4569232e-03
 -5.4176361e-03
  1.4992327e-02
  2.0824606e-03
  5.9200858e-04
 -5.9499574e-01
 -1.7364800e-01
  7.8788513e-01
 -8.5277790e-01
  1.7013384e+00
  2.1062132e-02
 -6.8095602e-02
 -6.0014039e-01
 -1.1146868e+00
  9.0591228e-01
 -1.4413212e-01
  2.3514785e-02
 -8.6426508e-01
  1.6752895e+00
 -1.0293457e-02
 -4.2447299e-03
  1.2026094e-01
 -9.1730058e-02
  6.5873355e-01
  4.8731899e-01
 -1.8986186e-01
 -2.9937240e-01
 -1.2259525e-01
 -4.8722184e-01
 -5.7423323e-01
  1.0654042e+00
 -2.2895698e-02
  9.5716429e-01
  1.1439992e+00
  1.8369239e-03
 -1.1413362e+00
  2.3943704e-02
 -5.3164575e-02
 -3.8997397e-02
  1.4796356e+00
 -8.1099220e-02
  1.3277346e+00
  1.4170541e+00
  3.9317243e-02
 -4.9781355e-01
  9.1880449e-04
 -6.9136238e-01
  2.8378072e-03
 -6.5702939e-01
 -3.0370793e-01
  2.0912373e-01
 -1.8100275e-01
  1.8892618e-02
 -2.7214488e-02
  4.2222679e-02
 -1.2078284e-01
  2.6399707e-02
  6.9918633e-01
 -2.6601774e-03
 -5.7666218e-01
 -2.6534541e+00
  3.3877769e-01
 -3.5908318e-01
  1.4114391e+00
  4.5973407e-03
 -1.3262225e+00
 -1.0540797e-01
  1.1532565e+00
  1.1428967e+00
 -1.2998866e-01
  2.0028785e-01
  6.0840310e-03
 -3.3752251e-02
 -8.2497738e-02
 -1.9365132e-02
  3.1197208e-01
 -3.6224741e-01
  3.1463149e-01
  2.2475363e-03
  5.5910337e-01
 -2.5055850e-01
 -5.5888826e-01
  5.1138872e-01
 -4.7974479e-01
  6.6151237e-01
 -7.1764463e-01
  1.8287832e-02
  6.8244618e-01
  1.0004159e+00
  6.8994150e-03
  1.8002570e+00
 -8.7830359e-01
 -1.4226627e-01
  1.6689348e-01
 -3.5690415e-01
  7.9140836e-01
  2.7667096e-01
 -4.7110062e-02
  1.1975273e-02
  8.3683777e-01
 -5.0094759e-01
  5.8296358e-05
 -4.3651125e-01
 -5.8653556e-02
 -6.3945884e-01
  4.6866494e-01
  5.6446195e-02
  3.7440453e-02
 -5.3018630e-03
  2.2007456e-01
  2.7178659e-03
  2.2462274e-04
 -9.7646356e-02
  2.5551035e-03
  3.5736917e-03
 -7.4596372e-03
 -8.3604706e-03
  1.5475843e-02
  6.1419317e-03
 -1.0018152e-02
 -1.1644476e-02
 -3.8716774e-03
  1.3271734e-01
  3.3965077e-02
 -5.4437321e-02
  3.7646073e-01
 -5.2717015e-02
  5.0311796e-03
  1.9616680e-03
 -7.6921133e-04
 -1.7321244e-02
  2.2168519e-02
 -8.5422111e-04
 -4.5535322e-03
 -4.1157273e-03
 -6.7866474e-02
 -3.0781268e-04
  6.0891765e-03
 -5.7966565e-03
  3.2516181e-02
 -3.7047726e-03
  2.8458102e-02
 -3.0326866e-02
 -4.0758490e-03
 -6.0001048e-03
  6.4137012e-02
 -2.8220657e-02
  1.0213802e-02
  9.1303121e-03
  2.6048955e-02
 -7.7230751e-04
 -7.6857475e-03
 -3.3770296e-01
  1.0162537e-03
  3.7954099e-02
 -6.9865840e-03
 -1.2099843e-02
  7.1529215e-03
  3.1995417e-03
  4.6944949e-03
 -3.7509456e-02
  1.2047620e-02
  4.1616682e-02
  4.0876963e-03
  4.3585233e-02
  1.1354598e-02
 -1.6685637e-02
  1.4833611e-02
  2.7795773e-02
 -5.3389343e-03
  1.4373602e-04
  1.4938420e+00
 -5.6869680e-01
  5.9422585e-03
  3.2445968e-03
  2.4620334e-02
 -1.0770075e-02
  7.4531049e-03
 -3.0493706e-02
 -4.1019302e-03
  3.9257393e-03
 -1.0952990e-02
  1.1028182e-02
  3.8193262e-03
  2.1094466e-03
  1.7203934e-02
  2.5843395e-02
  7.4852188e-03
  1.9206131e-02
  9.3251206e-03
  3.5990453e-03
  1.0583354e-02
 -6.1130681e-04
 -2.4332216e-02
  8.0423187e-03
  1.8676916e-02
  2.4280946e-03
 -2.3203647e-02
  9.6862921e-03
  4.3680463e-02
 -1.2136588e-02
  1.6689954e-02
 -1.1151616e-02
  1.3725113e-02
 -1.8740304e-02
  2.9153021e-02
  2.9916419e-03
  3.5973212e-03
  2.3514424e-02
 -2.8875452e-02
 -4.0462207e-02
  1.5766812e-02
  5.7857344e-03
 -1.7795572e-02
 -3.4460161e-02
 -1.8275712e-02
 -6.4353524e-03
  1.0931001e-02
 -9.7127436e-03
 -7.9679128e-04
  7.1083382e-04
 -1.1396048e+00
 -6.5035725e-01
 -9.7550273e-01
 -9.2122145e-04
  3.3573097e-01
  1.3711787e-02
  3.3153087e-01
 -4.9654306e-03
  3.1947586e-01
 -1.1676151e-02
 -7.1876206e-02
  1.4253932e-02
 -8.5852938e-03
  7.4239154e-03
 -4.1244179e-02
 -3.0481692e-02
 -1.8671917e-02
 -7.6090086e-01
 -3.0037116e-03
  1.2727690e-01
 -4.6820524e-03
  7.3904325e-03
  7.8827465e-01
 -1.3745122e-01
  1.5231872e-02
 -1.9211286e-03
  2.1091131e-03
  7.6883726e-02
  3.9033216e-01
 -6.2404640e-02
 -1.3070329e-02
 -9.8480396e-03
  1.1850318e+00
  4.0500078e-02
 -1.2238394e-01
 -3.8249430e-01
 -2.8094120e-02
  3.3511885e-02
  2.1461209e-02
 -7.6258546e-03
 -1.7042488e-02
 -4.4798483e-03
  8.1904447e-03
  1.1212397e-02
 -8.3257910e-04
 -1.5327476e-03
 -8.1943041e-03
  1.4256489e-02
  1.5376342e-02
 -3.8688362e-02
  6.6984874e-05
 -4.2109964e-03
  2.3573836e-02
  5.6766038e-04
  1.6307838e-01
 -6.2455136e-01
 -1.3608087e+00
 -4.9792567e-01
  2.2478950e-01
 -7.0101586e-03
 -1.3682027e+00
  2.6211855e-01
  2.1468489e+00
 -3.9030042e-02
 -2.1627827e-02
  3.6511633e-01
  1.9026628e-01
 -9.7737819e-02
  1.1979538e+00
 -5.8853193e-03
  1.9860175e+00
  1.1900399e+00
 -6.4843625e-01
 -3.9325237e-01
 -1.5921704e-02
  2.2347251e-01
 -5.4488236e-01
  2.1640575e-01
 -4.0017664e-01
  2.7492878e+00
  1.4103246e+00
 -7.9090083e-01
  6.9229327e-02
 -5.3281225e-03
  1.5792708e-01
 -5.0352675e-01
  1.4999002e-01
  1.0649382e-02
  9.3628752e-01
  1.0494657e+00
 -2.3733246e-01
  1.2634052e-01
  3.6622801e-01
  1.6126178e-01
 -1.0891798e+00
 -4.0262216e-01
  4.1740355e-03
 -9.5920926e-03
  4.6629786e-01
 -4.9074698e-02
  7.4366009e-01
 -1.4762669e-02
  1.0379253e-01
 -1.4030485e-02
  2.6055660e-02
 -4.8734451e-04
 -3.9362606e-02
  3.9902967e-01
 -8.4554893e-01
  2.8451611e-03
  4.8202183e-03
 -6.9970302e-02
  8.2419747e-03
  3.8407997e-03
  8.5091376e-01
 -4.1679293e-03
  1.1126420e-02
 -1.5996820e+00
 -8.3075792e-02
  1.0806320e-02
 -5.7835497e-02
 -2.1988074e-01
 -7.3241913e-03
 -9.6439449e-03
 -7.6764993e-02
 -7.4388884e-04
 -1.2474900e-01
  6.5026289e-01
 -1.1919552e-02
 -1.2224350e-02
  6.5230019e-02
  8.3987564e-03
  1.2930597e-02
  2.0925624e-02
 -3.3354464e-03
  2.1847703e-01
 -2.1379318e-02
  2.4104256e-02
 -3.9210800e-02
  2.7277328e-02
  3.8345847e-03
 -1.4477902e-02
 -7.3090848e-03
 -5.1803823e-04
  1.3616591e-02
  1.7288582e-01
 -1.5760718e-02
  2.0233897e-02
 -1.1026910e-01
  4.2130831e-03
  1.7460909e-02
 -1.2608564e+00
 -3.3458073e-02
 -3.3267871e-03
 -1.7653652e-01
 -5.0061005e-03
  1.9495271e-02
 -7.6815136e-02
  2.5588467e-03
  4.6243709e-02
  9.1131097e-03
  3.8162194e-02
  6.9687120e-03
  2.6199421e-02
 -7.2272373e-03
 -1.4202592e-02
 -8.6237310e-04
 -7.9501895e-03
 -1.1213240e-03
  3.6397856e-02
  2.4292062e-03
  3.6418776e-03
 -3.5499469e-03
  4.6197507e-03
  1.6794082e-02
  5.0406819e-05
 -7.0286132e-03
  4.3839486e-03
 -6.2762462e-03
  7.0071151e-03
  2.3304010e-03
 -4.7205412e-03
  8.3403392e-03
 -1.0074836e-04
 -4.7577908e-03
 -1.9760503e-02
 -7.7446899e-03
 -2.8915538e-03
  5.8714911e-02
 -3.6522599e-03
 -1.4418404e-01
  2.4161473e-02
  2.8232988e-02
  2.6047511e-03
  3.9853148e-05
 -6.2429695e-04
 -2.6092285e-03
 -3.5317808e-03
 -2.4100371e-02
  1.9780202e-03
 -4.9108937e-03
 -1.4630944e-02
  2.6135590e-02
 -2.0140596e-02
 -3.3087300e-03
  1.4796041e-02
 -1.9178202e-02
  1.0997870e-02
  1.4294056e-02
  6.9245890e-02
  4.4489192e-04
 -7.8390548e-03
  4.9429305e-02
  4.3425068e-02
  1.6480466e-02
 -2.8450999e-02
 -1.0024359e+00
  1.7488949e-02
 -2.9184487e-02
  2.5955448e-02
 -7.6154208e-01
 -3.5927088e-03
 -2.6231327e-03
 -9.5523885e-03
  1.9387043e-03
 -8.7256711e-03
 -1.0003500e-02
 -3.9064392e-02
  2.6037989e-05
  1.4059343e-02
 -2.3718379e-02
 -3.2177223e-03
 -1.4289651e-02
 -4.2451606e-03
 -1.5095697e-03
 -3.1522724e-03
 -6.8794079e-03
 -6.7797988e-03
 -2.9898195e-02
 -6.8939681e-04
  1.1463609e-02
 -3.1125244e-02
  1.9963477e-03
  8.4613275e-04
 -1.5755396e-02
 -3.0569172e-02
 -3.5083611e-03
 -3.5465900e-02
 -5.3789600e-04
 -7.5010024e-03
 -1.0202285e-02
  1.0790125e-02
  7.9395454e-03
  8.0074463e-03
 -1.3348542e-02
 -1.4292625e-02
 -1.8303409e-03
 -4.0886199e-04
  2.3430062e-03
  5.4005650e-03
  1.6802574e-03
  2.0161034e-03
  1.6698819e-02
  2.2829920e-02
  7.5096576e-03
  2.6472388e-02
  2.2526941e-01
 -1.5917141e-03
 -9.2495847e-03
 -6.8726204e-03
  1.5708802e-02
  1.7442061e-01
  3.8719468e-03
  1.1070194e-01
 -4.6299601e-01
  5.1257782e-02
 -9.1566131e-02
  7.6959215e-02
  2.6352795e-02
  3.5958223e-02
 -1.2570024e-01
  1.9092739e-03
  8.7002217e-04
 -3.8966086e-02
  3.6752805e-02
 -5.7825805e-03
  1.3553727e-01
  5.0460543e-02
  4.6115916e-02
  1.8171249e-01
 -5.2511045e-03
 -3.9340687e-04
  1.8693605e-02
  1.9059448e-02
  2.9450174e-02
 -1.6705755e-02
  8.3979063e-02
 -5.9216827e-02
 -5.7699925e-01
 -2.5361974e-03
 -5.3875046e-03
  6.4714241e-04
  7.4771992e-03
  1.3218527e-01
 -5.5474713e-02
  1.7110698e-02
 -4.7673917e-01
  3.0760100e-02
 -1.1884038e-04
  2.3636091e-01
 -6.5028816e-02
  1.4357936e-01
  5.4233078e-02
  1.4670703e-01
  1.3345921e-01
 -1.7639830e-03
  6.9229320e-02
 -1.0186059e-02
 -1.6946016e-02
 -3.2669439e-03
  1.3017864e-04
 -1.4850558e-03
 -5.6665875e-03
 -2.8422020e-02
  1.6483609e-03
 -1.5347302e-02
 -3.2105576e-03
 -3.4877401e-02
  7.8221569e-03
  2.1089058e-02
 -2.5530268e-02
 -8.2476959e-03
 -2.0631114e-02
  6.4090495e-03
  1.0826135e-02
 -7.5903372e-03
  1.4844220e-03
 -4.6768747e-02
 -8.9726383e-03
  1.5486470e-04
 -1.6873533e-02
  6.0551371e-03
  2.1331351e-02
 -1.9782647e-03
  1.8464808e-03
 -7.1967030e-03
  7.4627250e-04
 -1.5378479e-02
 -3.1318747e-02
 -8.7492028e-03
  9.8331990e-03
  7.9013556e-03
  2.6625074e-02
 -3.5710484e-02
  3.3072087e-03
  4.8992038e-03
 -4.9045291e-03
 -4.9056456e-04
  6.5385222e-02
 -2.2586025e-02
 -3.1550135e-03
 -1.0608686e-02
  4.3355078e-03
 -4.7288691e-03
  1.3218880e-02
  2.7504809e-02
 -7.2146286e-03
 -1.9210543e-03
  4.7494848e-03
  9.5491775e-04
 -6.8349533e-02
 -1.3155421e-02
  3.7818798e-03
 -1.8955966e-02
 -2.5506604e-02
  8.9200400e-03
  1.3306359e-03
 -1.7234134e-02
  1.6977455e-02
 -1.0416992e-05
  3.6861647e-03
  9.9071964e-05
 -1.7270515e-02
 -8.5825054e-03
  3.4870305e-03
 -7.6652225e-03
  3.5977125e-02
  9.0371985e-03
  1.3367140e-02
  2.3649761e-02
  3.6690927e-03
 -6.1040267e-04
 -6.5680211e-03
 -5.4519819e-03
  1.5867496e-03
  8.3742738e-03
  6.8792066e-04
  1.4771906e+00
  4.2336658e-03
 -2.2944624e-02
 -5.0478000e-03
  1.8340614e-02
 -1.7621264e-02
 -2.3960391e-02
  6.3268216e-03
 -2.0757446e-02
  1.0246508e-02
 -1.1800465e-02
  2.0720416e-03
  8.2077301e-04
  2.1267170e-02
 -1.2214542e-03
  2.1720683e-02
 -4.4162511e-03
 -2.0872101e-02
  3.3275489e-02
 -5.0432836e-03
 -7.7173328e-03
 -8.8732811e-03
 -5.1706168e-03
  2.3432426e-02
 -3.1519655e-02
  4.7380649e-03
 -1.1969799e-02
  4.5333058e-02
 -9.6599404e-03
 -5.4571638e-03
 -5.0859950e-03
  1.7674118e-02
  3.0842442e-03
 -1.8533748e-02
  1.5335027e-02
 -1.2088197e-01
  2.6946824e-02
 -5.5479541e-02
  1.9959902e-02
  2.7053830e-01
  1.8392956e-02
 -4.2684533e-02
 -4.2402470e-03
 -2.3532319e-03
  2.2076468e-03
 -2.5872404e-02
  8.0657639e-03
 -5.8904979e-03
  3.2530661e-05
  1.2350422e-02
  3.5554111e-01
 -1.1349423e+00
 -1.7611876e-03
 -1.0416274e-02
  1.7999116e-02
  5.4287338e-03
 -6.4595141e-03
  4.0473681e-04
 -1.8565141e-02
  1.7165072e-02
 -1.8342417e-03
  2.4832834e-02
  1.5336838e-02
  1.2790419e-02
  7.8775454e-03
  1.2033562e-02
 -9.3469648e-03
 -2.4852326e-02
  1.0027125e-02
 -8.2293805e-04
  9.1514802e-03
 -7.5680926e-03
 -5.4358430e-03
  9.2245545e-03
  4.6551988e-02
  1.5986696e-02
  2.0011462e-02
  1.0778920e-02
  3.8891815e-02
 -1.8530316e-03
 -8.4058689e-03
  3.8414237e-03
 -4.8043714e-03
 -1.0836743e+00
 -3.9415248e-03
  5.8304163e-04
  2.5681660e-03
  1.4373040e-02
  3.3492595e-02
 -1.0414035e+00
 -6.5415981e-05
 -1.2570801e-01
  1.4303617e-01
  7.3764527e-01
  1.0451931e-02
 -1.8202386e+00
  4.4104452e-03
 -4.5228165e-02
 -1.2316047e-01
 -5.1615840e-01
 -8.6348504e-04
  7.4493922e-03
 -7.5199075e-02
  8.2461603e-02
  1.5323183e-01
 -3.4898199e-02
  1.4134395e-01
 -5.6719583e-01
  4.9670163e-01
 -1.6758732e-02
  5.6878123e-02
 -2.5483578e-01
  2.3113509e-01
  7.0438695e-01
  3.0803436e-01
  3.9173510e-02
  7.9373509e-01
  3.9995387e-02
  1.7929263e-02
  3.9908800e-02
 -4.4947740e-02
  1.6038764e-01
  2.8922595e-02
  1.7813668e-02
  2.9912647e-02
 -3.1864680e-03
 -9.1637579e-05
 -3.7641760e-02
 -4.6742377e-03
  4.2394951e-02
  1.4374255e-02
 -6.0592219e-03
  1.4928716e-02
  3.5130224e-01
  4.8488166e-02
  1.0196465e-01
 -1.6422458e-02
 -1.2904609e-02
 -4.5381472e-03
  3.2276057e-02
  1.4154497e-03
  2.8946970e-03
 -1.3736010e-03
  2.2699416e+00
  2.1310505e-03
 -1.1253584e-02
 -3.5150912e-02
 -2.0843930e+00
  1.2123073e-03
 -2.9216034e-03
  2.7929528e-02
  5.3544693e-02
  4.9855984e-03
 -1.9075485e-02
  3.5112910e-02
  3.5726833e-03
 -1.2704639e-02
 -1.5476468e-02
  1.5716475e-02
  5.9297044e-02
  8.5470922e-02
 -3.0428460e-02
 -5.8299296e-02
  1.4085173e-02
  6.2010307e-03
 -9.7194305e-03
  4.7343713e-03
  2.0691751e-02
 -3.7635680e-02
  2.9923113e-03
 -4.1701745e-02
 -4.3521445e-02
 -4.7506797e-03
  1.1710995e-02
 -2.7427704e-03
 -4.4415435e-03
  5.4472988e-03
 -2.1533502e-02
 -1.1405503e-02
 -2.8415263e-02
  3.1488948e-02
  7.6728240e-03
  1.2957936e-03
 -4.6973592e-03
  1.6671343e-02
  2.5796954e-02
  2.4210615e-03
 -2.2173165e-03
 -2.6531465e-02
  3.3479255e-01
 -1.9443226e-03
 -1.1644175e-02
 -2.5849324e-02
 -6.5469649e-03
 -1.1501122e-02
  3.3706643e-03
  2.8548688e-05
 -1.2387353e+00
  1.1738637e-02
  2.9679921e-03
  1.0498147e-01
  6.8340331e-01
  4.6490841e-03
 -3.1778459e-02
 -6.4577727e-04
  2.6887834e-02
  2.4470149e-02
  1.3902116e-02
 -1.0052834e-02
 -4.6918700e-03
  8.0617005e-03
 -7.1636830e-03
  8.4406380e-03
  2.6463233e-02
  2.3346450e-03
 -8.4418017e-01
 -1.7036996e-03
  3.5313026e-03
  1.6253929e-03
 -1.9177729e-02
 -1.2956247e-02
 -7.9774475e-03
 -8.1953211e-03
 -8.7649329e-03
 -4.5272964e-03
 -1.5961647e-02
 -1.1796703e-02
  3.1346639e-03
  1.6357519e-03
  1.0827281e-02
  2.3899687e-02
 -1.2132441e-02
 -5.5702105e-03
  4.5429271e-02
 -6.4164181e-03
  1.0134417e-02
 -1.8070525e-02
  2.5516728e-02
 -1.3710652e-02
 -1.8264765e-04
 -1.0511130e-02
  2.8265156e-03
 -1.4890242e-02
  8.7385364e-03
 -2.5839893e-02
 -3.2843448e-02
  4.2882795e-03
  1.8963928e-03
 -1.7676431e-03
 -9.7533613e-03
 -2.6835917e-02
  1.0669784e-03
  2.8076708e-02
  3.8311016e-02
  3.0838387e-04
 -1.2463073e-02
 -1.1293354e-02
  2.2596403e-03
  2.0478419e-03
 -1.9014707e-02
  3.7505168e-02
 -4.9014203e-04
  3.4133121e-02
 -1.7402083e-02
 -6.5545267e-03
 -4.8738103e-03
 -1.7915579e-03
  1.6517540e-03
  3.1724302e-03
  4.8029022e-03
  5.3514918e-07
 -1.0658438e-02
  4.2472496e-03
  8.4458962e-03
 -6.4725229e-03
  1.6930260e-02
 -9.6927527e-03
  3.2457538e-02
 -1.5533581e-02
 -4.8307022e-03
  1.0845779e-02
  1.1374948e+00
 -7.0343040e-02
  9.0220515e-03
 -4.2607810e-02
 -1.1746619e-03
 -1.1389507e-01
  1.9691493e-01
 -1.6156774e-02
 -1.8853653e-02
  2.0955045e-02
  1.4065157e-02
 -1.3009159e-02
  1.2049433e-03
 -2.3297539e-03
  9.2741838e-03
 -2.3782887e-02
  1.7214794e-02
 -3.3565532e-02
  3.3523530e-02
 -8.8075706e-04
  3.9142951e-02
  3.5846692e-03
 -9.7193308e-03
  3.3762094e-02
  5.9411690e-02
  5.7363808e-03
 -8.8529207e-02
 -1.4280986e-02
 -8.8141002e-03
 -2.5723085e-02
 -1.8776596e-02
  8.7988917e-03
  6.4621423e-03
 -4.0256407e-04
 -1.9282633e-02
  2.6819006e-02
 -1.3296967e-02
 -2.9123021e-02
 -2.2363028e-02
 -2.0029454e-02
  9.3246819e-03
  4.1711953e-02
 -3.8058788e-02
 -1.5360707e-02
 -6.7204155e-02
 -2.9746991e-02
 -1.2210022e-02
 -2.3269100e+00
 -7.9969335e-03
 -7.9607330e-03
 -5.9576947e-03
  3.2785211e-02
 -2.6761040e-03
  8.6241867e-03
  3.6166084e-03
  1.3973147e-03
 -8.5736532e-03
  1.0628714e-03
 -2.4785958e-03
  4.0724943e-03
  4.7515397e-04
  1.6162494e-02
 -3.3384212e-03
 -5.2843555e-03
 -1.8444519e-02
 -2.6894234e-02
 -8.4358184e-03
 -2.6925879e-03
 -2.8777942e-02
 -1.7616771e-02
 -3.2066200e-03
 -1.4322905e-02
  1.0856008e-02
  4.7364379e-03
 -6.3977757e-04
  2.4125818e-02
 -2.8507441e-01
 -3.7935635e-03
  9.5094834e-03
 -4.5534307e-03
  1.3674779e-02
 -1.5565492e-02
  3.8181168e-01
  2.5019603e-02
 -1.0282032e-03
  1.2711282e-02
  1.0815857e-02
 -2.2234863e-02
  2.2986639e-02
 -1.0852311e-02
  5.6222007e-02
  2.4619555e-02
  7.1412800e-03
  6.6338247e-03
  2.8157115e-04
 -4.0433373e-02
 -2.7875934e-02
 -9.4478829e-03
 -1.4925053e-03
 -6.3778460e-03
  4.8453393e-03
  1.7653294e-02
  1.9056941e-03
 -9.6562700e-03
 -3.3015404e-02
  7.1065122e-04
  1.6936166e-03
 -2.6824409e-02
  1.1858176e-03
 -1.9249378e-02
  4.1524977e-03
 -2.0193071e-03
 -1.5092539e-04
  3.3028826e-02
  1.3514402e-02
  5.8438992e-03
  2.8067764e-02
 -5.3257914e-03
  6.8183234e-03
 -2.7602991e-02
 -1.5595440e-02
 -2.5254127e-02
 -1.2253564e-02
 -1.2069752e-02
 -3.3872258e-03
  5.8418053e-04
  8.3331601e-04
 -5.2907872e-03
 -1.8820027e-02
  1.9510295e-02
  1.9682784e-02
  3.0749342e-03
  2.0201641e-01
  1.3044764e-01
  4.4898028e-03
 -7.5553786e-03
  1.2094629e-01
  4.0966876e-02
  1.5255873e-02
  5.0127819e-02
 -7.6287277e-03
  5.8900833e-02
 -8.0317251e-02
 -9.7826757e-03
 -1.4836461e-02
  6.7677996e-03
  1.6839620e-02
  1.8786401e-02
  3.1049352e-03
  4.2174074e-01
  1.2894445e-02
 -2.7632684e-04
 -2.2419894e-02
 -1.9097151e-03
 -7.3351212e-02
  2.9839899e-02
  3.4264200e-03
  1.9107880e-02
  1.7027919e-03
 -4.0555559e-02
 -2.0889996e-02
  2.7112691e-02
 -2.5001436e-03
  8.5203350e-04
  5.4751307e-04
  6.5330610e-02
 -9.8353112e-03
  1.4039116e-01
  1.1264469e-03
 -2.9581012e-02
 -2.1232776e-02
  4.1067661e-03
 -2.3271641e-02
 -3.8678970e-03
  1.8462728e-03
  1.9763606e+00
 -1.8988967e-02
  1.7474597e-02
 -3.6358733e-03
  1.1297268e-02
 -5.1943008e-03
  9.6716546e-03
 -1.4124581e-02
  5.1311934e-03
 -1.1214734e-02
  2.9959632e-03
 -3.3458848e-03
 -3.4894831e-02
  5.9083193e-03
 -1.2071994e-02
 -4.3898388e-03
 -1.2140151e-03
 -5.8042750e-02
  3.5322990e-02
  9.7134031e-02
 -1.6717851e-02
 -7.8511825e-03
  2.8005525e-04
 -2.9212074e-02
  2.7119502e-02
 -1.2640754e-02
  2.2279592e-01
 -1.3179276e-02
  9.7106285e-03
 -3.4906629e-02
 -1.1445912e-02
  9.4931098e-03
  6.0838711e-04
 -1.6616656e-02
  2.2565728e-02
  2.9470813e-02
 -1.3224779e-03
 -1.9982232e-01
 -1.8660888e-02
  6.3407153e-02
 -9.1650179e-03
  9.3210172e-03
 -4.8561133e-02
 -5.0463626e-04
  7.1993913e-03
  2.2938116e-02
  1.6101867e-01
 -2.5718505e-03
 -3.9252006e-03
 -2.7585542e-03
  1.0342764e-02
  8.4682653e-04
 -7.7746911e-03
 -5.3836508e-03
  1.5507178e-02
  1.8997986e-02
 -4.1888207e-03
 -3.0262906e-03
 -2.8689416e-02
  2.0448016e-03
 -6.0740942e-03
  7.6586567e-03
  4.1862647e-03
 -1.2710121e-02
  3.0372042e-02
  2.8033733e-01
 -5.8957094e-01
  1.0589806e+00
  9.4898778e-01
 -1.5140460e+00
  1.3170812e-01
  5.2373964e-01
  6.3927275e-01
  7.9043305e-01
  1.9321281e-01
  8.5800624e-01
  2.3673293e-01
 -5.4458684e-01
  1.5223525e+00
  3.5707019e-03
  1.0862254e-01
 -3.6628890e-01
  6.3948625e-01
  1.1368960e+00
 -6.6461340e-02
 -9.5718884e-01
  4.4039929e-01
  2.3472872e-02
  1.2108169e+00
  2.3628581e+00
 -3.2861266e-01
  4.9673911e-02
 -3.7541902e-01
 -1.2407281e-01
  2.3511058e-01
  5.8148079e-02
 -4.3466809e-01
  3.8407633e-01
  4.5091608e-01
  1.4744382e+00
  7.8411919e-01
 -8.7915081e-01
 -9.1799188e-01
  6.4671880e-01
 -9.3711810e-03
 -9.6689892e-01
  1.4745017e+00
 -1.6288288e-02
  1.9782301e+00
  3.3156192e-03
 -6.2496144e-01
  3.6861786e-01
 -3.3534855e-01
 -5.1903548e-03
  8.1184767e-03
 -4.1191753e-02
 -1.8423395e-02
 -2.4332774e-01
  1.6222592e-02
 -3.5370337e-03
  4.9247600e-02
  2.2255149e-02
  3.3444971e-02
 -1.6654201e-01
  2.1044861e-03
 -2.1785442e-02
  9.3339896e-03
  5.1475805e-03
  8.1871049e-03
 -1.4614958e-01
 -7.9718567e-03
  2.3407301e-02
  3.3354573e-03
 -1.4409491e-02
  5.4572280e-02
  3.6400058e-03
  9.1725543e-02
 -2.2470651e-02
 -3.4648906e-02
 -5.2646117e-04
  5.6798499e-02
 -3.4810880e-03
  1.4133480e-03
  4.3116797e-02
 -3.8741317e-02
  6.0287141e-04
 -1.0260012e-02
  3.4753524e-02
 -5.0114676e-02
  6.7950492e-03
  2.4733110e-03
 -2.7204022e-02
  5.3226065e-02
  9.0580650e-02
  1.8860737e-02
  3.6172487e-02
 -1.9790683e-02
 -7.6598078e-02
 -7.3814658e-03
 -2.3185972e-02
  2.1713059e-02
 -5.8032107e-03
 -1.0721995e-02
  8.0141453e-03
 -1.7986437e-02
 -6.7644054e-04
  9.9846609e-03
  1.2595989e-02
 -1.9424183e-03
 -1.0339077e-02
 -2.3730766e-02
  2.4016863e-02
  6.1189085e-03
  2.7259409e-02
  5.8243647e-02
 -7.3041935e-03
 -1.2848435e-02
 -3.8237025e-03
 -1.1153322e-02
  3.0460074e-03
 -2.8736738e-02
 -6.2993946e-03
  2.9326452e-02
  1.5816374e-02
  2.3471719e-02
 -2.0308383e-03
 -2.0746284e-03
 -2.4345461e-03
  1.2911604e-02
  2.0113112e-03
  1.0610135e-02
  2.4558982e-02
  1.0797872e-02
  4.8898868e-03
  1.9058409e-03
  2.4066633e-02
  3.1520486e-01
  3.9686025e-03
  2.9651070e-02
  2.9707834e-02
 -7.3337525e-02
  9.0500778e-03
 -1.3825013e-03
 -1.2729536e-02
 -4.1544228e-04
 -9.0491911e-03
 -1.7377827e-02
  1.0467610e-02
  1.4254894e-02
  1.5968937e-02
 -6.8401084e-03
  6.8490527e-04
  9.0474458e-03
 -8.9490879e-03
  2.2637343e-02
 -4.1012699e-03
  3.8034379e-02
 -1.6180079e-01
 -5.4056621e-03
  1.3582336e-02
 -3.1520113e-02
 -8.9981016e-03
 -5.1507964e-03
 -8.5370260e-04
  1.5706517e-02
  5.4984312e-03
 -1.0994058e-02
  4.6226650e-01
 -1.0106567e-01
  2.6070056e-03
 -6.6239433e-03
  7.4243259e-01
 -7.8378608e-03
  9.7194177e-01
 -1.7304793e-02
 -7.1055917e-03
 -3.8555197e-02
 -1.5242425e-01
 -1.3972929e-01
  1.1388094e-01
 -7.4997211e-01
 -4.8455489e-03
 -1.1701525e-02
 -3.6221654e-03
 -5.2493244e-02
  3.4413022e-01
  4.8390593e-02
  1.2052101e-02
  1.5488223e-02
  9.1295831e-02
 -2.2054072e-02
  3.1853081e-03
  7.5666979e-03
 -1.5870109e-02
  2.8449679e-02
  5.7667162e-02
 -4.1299481e-03
  1.5858865e-01
  9.6965685e-02
 -1.2184984e-02
  1.2450461e-02
  1.6119650e-02
  1.5548891e-03
  6.2951972e-03
 -1.4291814e-02
  6.1362557e-02
  1.6142063e-01
 -3.9770645e-03
 -8.4167933e-03
  1.0678513e-02
 -3.3210707e-03
  4.3474741e-02
 -8.8790305e-02
  4.5398232e-03
 -8.2175918e-03
  1.7588938e-02
  2.4104143e-02
  1.0205793e-02
  3.2680121e-03
  2.8306691e-03
 -4.3535279e-03
 -2.4814339e-02
 -1.4816898e+00
 -1.1751544e-02
 -3.1469684e-02
 -1.3438545e+00
 -6.9965930e-03
  2.1304898e+00
  6.2887352e-03
 -6.1064392e-01
  1.8501891e-02
 -6.5454985e-03
  1.7901726e-02
  2.9911680e-02
  4.7088809e-02
 -4.2978823e-03
  2.1474112e-02
 -2.0963755e-01
 -7.2398409e-02
  2.0952703e-01
 -4.2258126e-01
  1.0601593e-01
  6.3599455e-03
 -2.2945228e-01
 -7.6017106e-01
  2.4170178e-01
 -9.7299544e-03
  8.7770380e-02
  8.0255173e-02
  1.1605755e-01
 -3.0935367e-03
 -2.1132672e-02
 -2.2364557e-02
 -3.7698200e-01
 -4.4787800e-01
 -3.1740153e-01
 -5.0868448e-03
  1.4293656e-02
 -3.7089628e-03
  6.0983544e-04
 -1.7283261e-02
  2.1109335e-01
  7.6222275e-03
  6.2840688e-03
 -4.4997167e-02
 -5.5068673e-04
  5.7580429e-03
  5.8395803e-02
  6.7086173e-03
 -3.0907862e-02
  2.1229127e-02
 -5.1441453e-02
 -2.0800543e-03
 -4.8644092e-02
  5.1934305e-03
  1.9828178e-02
 -1.8978629e-03
  6.5729371e-03
  9.9961199e-02
 -1.8514439e-01
 -7.9558026e-03
 -2.7579276e-02
  3.8699936e-02
  2.0383259e-03
 -2.3303911e-02
 -1.1768324e-02
  2.8782807e-02
 -5.5860559e-04
  4.3619070e-03
 -3.1911901e-01
 -3.3648915e-04
  4.2899507e-03
  2.6570620e-02
  4.5146351e-03
  1.4358396e-02
 -4.2189442e-04
 -1.1439982e-02
  9.4029289e-03
 -4.3623559e-03
  6.4518899e-03
  2.2301190e-02
  1.0851392e-03
 -3.4308357e-03
 -1.4200553e-01
  1.0454849e-02
  2.6517451e-02
 -3.7028689e-03
  3.8403810e-03
  1.1449672e-03
 -7.5071370e-03
 -1.2212801e-02
 -2.0488290e-02
  2.8985874e-03
  1.8737661e-02
 -5.3147721e-04
 -1.7906766e-02
 -1.5128998e-03
  1.0111019e-02
  2.7301505e-01
  3.1530753e-02
  8.9515443e-04
  5.7754882e-02
  8.2985247e-03
 -1.7850583e-03
  2.3208691e-02
  1.1635224e-03
  1.9218858e-02
 -3.5522335e-05
 -2.0275854e-03
  8.1792986e-01
  1.3297307e-02
  3.0193161e-02
 -7.0385772e-01
  1.6758507e-02
  7.9233889e-03
  4.0482435e-02
  2.3559408e-02
  3.7585604e-03
  5.7064439e-04
  3.5349019e-02
  9.4771581e-03
 -3.4074835e-02
 -7.3345737e-03
  2.5190443e-02
 -4.7857143e-02
  4.4746324e-03
 -1.4130946e-01
  4.9252494e-04
  1.2699785e-02
  1.2831882e-02
 -3.1355586e-02
  2.7995540e-03
  2.4560641e-02
 -7.9374285e-03
 -2.2535974e-03
  2.0163510e-02
 -1.4456987e-03
 -1.4041996e-02
 -1.4267504e-04
  1.5637657e-03
  9.9072149e-03
 -1.7837122e-02
  1.4448845e-02
  1.6519597e-02
  9.6471542e-03
  2.4295544e-02
 -1.2145561e-02
 -6.0601811e-05
 -7.3092477e-03
  5.1170336e-03
 -7.0240593e-04
  4.9253334e-03
 -1.1905566e-02
  3.2832690e-03
 -2.5880354e-02
  1.1128558e-02
  3.0828968e-02
 -3.3839801e-01
 -1.3752878e-02
  1.8235715e-01
 -9.6406005e-03
 -5.3692446e-04
  1.0489656e+00
  3.6736697e-01
  3.5830713e-03
  2.3937670e-03
  2.8810110e-02
 -3.3003692e-02
 -2.1883029e-02
  4.5410865e-03
  2.2197749e-02
 -1.0319130e-02
  9.9562425e-03
 -7.4393451e-02
  1.0520569e-03
  9.7864913e-03
  1.9831691e-02
 -1.4069278e-03
  1.1274108e-02
 -4.4952726e-04
  1.1780111e-01
  1.0818305e-02
 -8.5467577e-04
 -3.0075515e-02
  2.6454542e-02
  2.0370211e-02
 -1.4707916e-02
  5.0279740e-02
  1.2620105e-01
  6.6519398e-03
  2.4969466e-03
 -6.3334994e-02
 -8.0234110e-03
  9.0887412e-02
 -1.5764587e-02
  4.4272527e-02
 -7.2004227e-03
 -1.1462995e-03
 -3.4068318e-03
 -1.6493946e-01
  7.1092576e-02
 -1.2360816e-02
  1.1069703e-02
  8.5060410e-03
  1.7303865e-02
  1.0919889e-02
  3.1297284e-03
 -1.6808949e-04
 -2.3260174e-02
 -3.9272979e-02
 -3.0966764e-02
 -4.1501755e-03
  5.0654970e-02
  3.9789476e-02
 -2.5003522e-03
  4.2280618e-02
  4.2742606e-02
 -3.5388997e-01
  1.8216906e-02
 -1.0288765e-01
  1.4877604e-02
 -4.4334108e-01
  1.7312581e-02
 -5.4909587e-02
  3.1283007e-03
 -5.1437966e-03
  3.9474536e-03
  6.8853102e-03
  4.8690997e-03
  2.1698672e-02
  8.0404393e-03
  3.8192436e-01
 -7.8619169e-03
  8.6839460e-03
  8.6403061e-03
  3.4211878e-02
  9.7162742e-03
  6.9201081e-03
 -1.8447015e-02
 -9.4815055e-03
 -5.4611648e-03
 -3.1329140e-02
 -6.6275033e-03
  2.2922093e-03
 -1.9950533e-02
  1.3826781e-02
  9.2361653e-03
 -4.1324119e-03
  2.1260615e-02
 -9.2912900e-01
  2.7641610e-03
  7.3868525e-03
  6.5481449e-03
 -2.5465375e-05
 -4.8642797e+00
 -2.2878191e-02
  3.0119608e-03
 -2.2666160e-02
  2.6757407e-03
 -4.3577850e-02
 -1.1987903e-03
  5.5896924e-03
 -2.1719163e-02
 -3.0647609e-02
  3.4684825e-03
 -7.7383267e-03
  3.5360809e-02
  2.2627879e-02
  5.8771041e-03
  8.5419271e-04
  1.1431033e-02
 -8.1810248e-01
  1.8855017e-03
  7.0856772e-03
 -6.5415418e-03
  2.3201610e-01
 -6.7144805e-03
  1.6333541e-01
 -2.0474298e-03
  9.1154858e-02
  2.6895537e-03
  3.4062829e-02
  3.3914464e-05
 -4.1918565e-02
 -6.2209894e-03
 -5.2198164e-02
  3.9408146e-03
 -1.6430342e-01
 -1.6574359e-01
 -5.2529845e-02
  1.9645333e-02
  2.3855378e-03
 -2.3141257e-02
  8.3308490e-03
  1.2508029e-03
 -2.4764976e-02
 -4.3275212e-03
 -4.4372965e-02
 -1.8549168e-02
  1.5819304e-03
  3.8937669e-02
 -6.5860059e-03
 -2.1002993e-03
  1.9277081e-06
 -1.1293528e-02
 -3.1381849e-02
 -1.9725267e-02
  8.8654738e-03
 -6.9074617e-03
 -7.7121980e-03
 -1.5289341e-02
 -1.7424982e-02
 -7.8531370e-02
 -2.1267496e-03
  2.0726428e-03
 -9.8084085e-02
 -9.7858265e-02
 -2.5994096e-02
  1.6331384e-03
 -1.0116191e-03
 -5.5564173e-02
 -2.5955448e-01
  1.4742780e-03
 -5.1036481e-02
 -5.0655049e-03
 -5.4487181e-03
 -7.0173189e-04
  1.4978938e-02
  1.0984798e-02
  1.5818395e-02
  2.5119994e-02
  4.9947388e-03
  3.8280159e-02
 -1.4658863e-02
  1.0046203e-02
 -3.2626474e-03
 -1.1300833e-02
 -1.2398094e-02
  1.9957374e-03
 -4.4384200e-02
  5.2347048e-03
 -9.1000479e-03
  3.5453193e-02
  4.7043346e-02
  7.9091331e-03
 -5.6633819e-03
  1.3439476e-02
  1.7651306e-02
 -3.9541751e-02
 -4.3497239e-03
 -6.3857683e-03
  9.2447754e-03
  7.0373801e-04
 -1.1492597e-02
  2.7953191e-02
 -3.6813910e-03
  1.9839508e-03
 -1.4147452e-03
  2.8996632e-02
  8.0910241e-03
 -8.9223664e-03
 -2.7695983e-03
 -3.8077202e-02
  1.2904856e-03
  2.6599282e-02
  2.4805018e-01
  7.3960661e-03
  1.2117619e-02
  1.4692096e-02
  4.7775912e-03
 -4.3695200e-02
 -1.3965389e-03
  1.4754194e-03
 -5.9695379e-04
  3.8469565e-01
 -9.0712626e-03
  4.6155397e-03
  1.8730005e-02
 -8.2496842e-03
  3.1692181e-02
  3.0177882e-02
 -1.7572839e-02
 -1.1640794e-03
  1.0981705e-01
 -5.4106522e-02
  2.2956526e-02
 -3.1446514e-03
  1.6850270e-02
  1.3374125e-02
  5.4207545e-02
  3.0729853e-02
  2.9067543e-01
  3.7534637e-03
 -9.6333390e-03
 -1.5296221e-01
 -1.5800545e-02
 -2.8664006e-02
  4.6984702e-03
 -6.9069155e-02
  1.0780192e-02
  1.6237097e-02
 -6.1395797e-03
 -2.6642045e-03
  3.6865610e-04
 -2.3276089e-02
  5.9871394e-03
  1.4927908e-03
 -1.6624974e+00
  3.6704075e-03
 -6.0691768e-03
  5.4050256e-03
 -1.4116466e-02
  1.4158786e-02
  1.0402268e-02
 -1.9976933e-02
  3.0875305e-02
  9.1522094e-03
  2.4403526e-02
 -2.5431467e-02
  3.5637987e-01
  3.0442618e-03
 -8.9305500e-03
 -1.2544025e-02
  8.6034657e-03
  5.5431223e-01
  1.3181405e-03
  4.7327694e-03
  1.6737375e-02
  2.5107069e-03
 -1.1871051e-02
 -9.5805796e-03
  1.7126108e-02
  2.2276530e-02
 -5.3615588e-01
  8.2892609e-01
 -3.5248134e-01
  2.1214902e+00
  2.8514636e+00
 -1.3467583e-01
 -2.1860638e+00
  1.0191684e+00
 -5.0641832e+00
 -1.1235064e-01
  2.5546852e-01
 -2.1009242e-02
 -4.8788887e-02
  4.1113043e-01
 -3.5590541e-01
  8.9348328e-01
 -1.4620224e-01
  3.1863201e-01
  2.5205913e-01
 -2.7138107e-02
  2.0128393e+00
  1.0346913e+00
 -1.7722909e-01
 -3.0300048e-01
  6.3809031e-01
 -6.7925662e-02
  8.5990095e-01
  9.9421948e-02
  8.9800459e-01
 -3.2130091e-03
  5.0670403e-01
 -4.5398381e-01
 -1.4678738e+00
  3.9853906e-04
 -1.0438779e-02
  3.6541667e-02
 -6.8931103e-02
  1.6069820e+00
 -5.7558291e-02
  2.5172970e-01
 -3.3236373e-02
 -8.7675256e-01
 -1.4049784e-02
 -1.3940935e+00
 -1.4660509e-01
 -5.8219302e-02
  1.0589426e-01
 -7.8094083e-01
 -6.1308932e-03
 -1.2315139e-02
 -3.6311865e-01
 -1.3936852e-01
  1.8854308e-01
  7.5923055e-03
 -9.1048770e-02
  1.4176527e-02
 -8.2535120e-03
  1.9700431e-04
  1.8796171e+00
 -6.2839021e-03
 -8.8381276e-02
 -1.0393598e-03
  2.4056178e-01
 -3.1710323e-02
 -8.1440872e-03
 -1.0118809e-01
  5.7282341e-01
 -5.6609314e-02
 -4.0643904e-03
  1.0624102e-01
  5.8421952e-04
  4.1250996e-02
 -4.6466224e-02
  2.8264886e-01
  3.7985120e-02
  5.0955761e-02
  9.1619253e-01
  2.3987976e-01
  2.1551142e-03
  3.1141862e-01
 -1.6128195e-04
 -7.0736008e-03
  2.7139600e-02
  2.6952609e-02
  3.2099992e-01
  4.2689010e-03
  3.1397196e-03
  1.8992962e-03
 -6.4769313e-03
 -8.9734439e-03
  8.7791465e-02
  3.4601316e-01
  5.5427060e-02
  5.6358096e-03
 -6.9806173e-02
  1.1972874e-01
  1.1537037e-02
  3.1538684e-02
  2.8264917e-02
 -1.0796851e-01
 -1.0668561e-02
  1.2986717e-03
 -1.9289201e-02
 -1.1074756e-03
  1.2772804e-01
 -1.9307569e-02
  3.7982054e-02
 -1.0849280e-02
  8.3093822e-01
  1.9594072e+00
 -2.1912436e+00
  1.9457191e-01
 -1.7369701e+00
  2.8651359e-02
  3.0574436e+00
  6.4228350e-01
  4.1920576e-02
 -9.0349728e-01
 -9.9076319e-01
 -1.1216869e-02
  4.3142900e-01
 -2.2204109e-01
  1.8388526e-01
  4.9460813e-02
 -7.7926332e-01
  1.3443682e-01
 -6.9362593e-01
  2.4485478e-02
 -8.4097967e-02
  4.5228249e-01
 -5.0314111e-01
 -1.4275151e+00
 -2.3910166e-03
 -1.2817796e-01
  9.5976168e-01
 -1.6690812e-04
  8.0834031e-01
 -9.9311322e-03
  9.5907307e-01
 -5.9066836e-02
  9.9907166e-01
  3.4540451e-01
  2.1919386e-01
  8.4029776e-01
  5.3257251e-01
  1.4598610e+00
  6.1915573e-03
  1.8325816e-01
  5.9098583e-01
  5.9456539e-01
  5.7904641e-03
 -2.9257324e-01
  7.3185259e-01
  3.2050756e-01
 -1.6594476e+00
 -3.0606553e-01
 -3.6915904e-03
  1.4177360e-01
  1.8095368e-01
 -2.3014780e-02
 -1.4242449e-01
  3.1703744e-02
 -2.0972016e+00
  9.4332481e-03
 -4.1987818e-02
 -7.5284061e-03
  5.2361038e-02
 -1.8025750e-03
  1.3096355e-02
 -1.0304829e+00
  1.6095863e-01
 -1.5039687e-02
  2.3045054e-01
 -1.9337175e-02
  1.5360005e-02
  1.4063518e-01
 -2.4380056e-02
  1.4005350e-03
 -6.3304715e-03
 -2.5078615e-02
 -4.2612780e-02
  1.4325698e-02
 -1.3367579e-02
  1.9281982e-02
  2.7522808e-03
 -7.0614189e-02
 -1.3117125e-03
  2.0219109e-03
 -1.8854098e-02
  1.0631579e-01
 -1.5202482e-02
  4.7725908e-02
  3.6371291e-02
  2.4966272e-02
  2.0233180e-02
  3.0077433e-02
  9.4288327e-02
 -1.4883421e-02
  1.9024596e-02
  1.1514322e-02
 -6.8919273e-04
 -1.9934364e-03
 -1.9927781e-02
 -1.2779215e-03
  2.5660667e-04
 -4.6211485e-02
 -1.4468860e-02
 -1.0660014e-01
 -2.8855167e-02
  4.0305857e-02
 -7.6244347e-04
 -3.8859120e-04
 -2.4374314e-02
 -3.0780269e-03
  7.4250661e-03
  2.1310395e-03
 -7.2745001e-01
 -5.1860087e-02
 -1.4411360e-01
 -5.6926217e-02
  1.0781389e-01
 -3.3545133e-02
  6.9114852e-01
 -8.1825310e-01
  1.7638365e-02
 -1.0617716e-01
 -5.6182887e-02
 -6.3778027e-03
 -3.9277866e-02
 -3.8080806e-01
 -8.6959952e-01
 -8.4877789e-01
 -1.3533735e-03
 -6.9879472e-01
  9.4494879e-02
 -5.0151475e-02
  2.8984328e-03
 -3.7840638e-01
  5.8357686e-01
  5.5320296e-03
 -7.2087359e-01
 -3.3850446e-02
 -2.6187888e-01
  1.7653753e-01
  1.0573385e-01
 -3.5146310e-03
 -4.6540547e-02
  1.6868821e-01
 -3.6840293e-01
 -2.4057807e-01
 -6.8912081e-02
 -3.7913775e-01
  2.4993324e-01
  6.5251082e-01
 -1.0039994e-01
 -8.7404521e-03
  1.1477811e-01
 -1.0537900e-01
 -1.3450289e-01
  9.4970874e-03
 -1.7640793e-01
 -3.7492998e-03
 -1.2029134e-01
  2.2637488e-02
 -3.4196978e-03
 -4.6422246e-01
 -4.3587647e-03
  4.4476758e-03
  4.0352341e-02
  5.3644277e-02
  7.4150681e-02
  1.5719788e-01
  2.2812735e-01
  1.0040337e-01
 -3.3228633e-01
  1.8228851e-02
 -6.0469157e-01
  5.8724802e-02
  3.8988974e-03
 -1.5279160e-02
 -1.5200962e-02
  8.6484570e-03
  1.6663006e-02
  1.6062044e-02
 -2.0574657e-03
  9.8284125e-02
  5.4169800e-02
 -1.7337381e-03
  8.0613578e-03
  9.2748970e-01
  2.3561854e-02
  2.9505283e-04
 -1.1371034e-02
  4.2595226e-02
  2.0353613e-02
  1.7870930e-01
  1.8473171e-01
 -9.6830301e-02
  5.3916713e-03
  1.0280020e-02
  6.9499067e-03
  1.2661390e-02
  3.0901704e-02
  1.3869672e-01
  1.2260651e-02
 -1.9994901e-02
 -2.2121243e-02
 -2.6537982e-01
  7.2342120e-02
  1.1516767e-02
  2.1008829e-02
  5.3249381e-02
  7.1230070e-03
  1.2245139e-01
  1.3724591e-01
 -1.7629814e-03
 -6.0997130e-03
 -3.6730780e-03
 -1.3615768e-01
  4.9965302e-03
 -2.5016381e-03
  3.6813808e-03
  7.7648565e-02
  7.8298047e-02
  1.1962599e-01
 -5.5595995e-03
 -6.5759099e-03
  4.4080415e-03
 -5.1012845e-04
 -4.4880342e-02
 -1.4045197e-01
  2.5151041e-03
  2.8615550e-03
  1.6758870e-03
 -1.9107902e-02
 -1.9494334e-02
 -1.3312493e-03
  1.1606326e-05
 -8.0791237e-03
 -1.2101143e-02
 -1.7985329e-02
  6.7860624e-03
 -5.8184098e-03
 -2.6627472e-02
 -6.5607168e-03
 -1.9847065e-02
  2.3081448e-02
  6.9371687e-04
 -8.1601441e-03
 -7.5750053e-03
  1.9109810e-02
  2.7210533e-03
 -6.8415798e-02
  2.9351045e-03
  6.9934307e-03
 -1.8230759e-03
  2.0890757e-03
  1.3080687e-02
  7.0640589e-03
 -2.1246010e-02
 -2.3530412e-02
  5.3590164e-02
  5.6020343e-03
  1.9282785e-04
  1.8119482e-02
  1.9718310e-02
  3.5242323e-02
  6.9113988e-03
  4.5392225e-03
 -8.1941774e-03
  3.8003385e-02
  7.6262558e-01
 -3.0019572e-01
  4.1391775e-03
 -5.6436198e-05
  1.0391158e-03
 -2.8920076e-03
  7.2185141e-03
  1.1812454e+00
  2.1731998e-03
 -1.0537736e-02
  2.4402776e-01
 -7.5418782e-01
  1.5887126e-04
  5.4553699e-01
  2.2276968e-03
 -6.0848396e-02
 -2.5813594e-02
  3.6571670e-04
  2.9042255e-02
  2.3927128e-02
 -2.9492720e-03
  4.2156801e-03
  2.5572209e-02
 -1.8649940e-01
  2.0554815e-03
  2.8924977e-03
 -1.3739305e-03
  2.6231131e-02
 -7.4537653e-03
  1.0784109e-03
 -1.2000710e-02
 -2.4895113e-02
 -1.7948920e-01
  1.1271808e-02
  4.9601274e-04
 -4.7610831e-03
 -6.8133227e-03
  6.4120325e-03
 -7.4265217e-03
 -6.4544859e-03
 -5.0699734e-03
 -6.3609537e-03
 -2.6145022e-04
 -5.7937526e-03
 -8.8559347e-05
  5.4679487e-05
 -4.4700075e-02
  1.7195098e-02
  2.5176018e-02
 -1.5507125e-02
 -2.1508562e-03
  2.0967193e-03
 -3.1863794e-02
 -4.7865147e-03
  4.4657360e-03
  3.0458357e-02
 -9.7719050e-05
 -3.0052860e-03
 -5.5109388e-03
 -2.0083714e-02
 -6.6791172e-03
 -2.0226920e-01
  7.4515593e-01
 -1.2437169e-01
  7.7263303e-02
 -7.8066337e-01
  5.7308590e-03
 -2.4558809e+00
  2.1434520e-01
  7.2354925e-01
  7.1211910e-01
  1.1767983e-02
  2.0252854e-01
 -4.1818449e-01
  2.6817694e-01
 -5.0865911e-04
 -3.3860457e-01
 -1.6907626e+00
 -7.1386080e-03
  5.2421506e-02
 -1.9560678e-02
 -3.6582947e-02
  5.4802142e-02
  2.2305450e-01
 -3.3955124e-01
  1.6448434e-01
 -2.2261691e-01
  4.7020655e-02
  3.2528136e-02
 -3.8349539e-01
 -7.1497208e-01
 -1.9521201e-02
  1.6868633e-01
 -1.9953365e-03
  2.4543671e-01
  4.0781862e-01
  7.6428126e-03
  9.4160018e-03
 -1.1474750e+00
  2.4457689e-02
  1.5271982e-02
  1.0173419e-02
  6.2572706e-01
  6.1577833e-03
  6.4772570e-01
  8.0189854e-03
 -2.1990587e-03
  1.5187372e+00
 -8.9083768e-02
  1.8709511e-02
  2.2886232e-01
  1.7297816e-02
 -3.6506678e-03
 -2.5260651e-01
  9.4693042e-03
 -6.6956966e-03
 -3.3368904e-02
 -3.6162499e-03
 -2.1235053e-03
  3.4503448e-01
  1.8017873e-03
  4.1541329e-01
  2.9763697e-02
  1.2332409e-02
  2.1617647e-02
  1.4211833e-01
  2.7548971e-03
 -9.7468168e-02
  3.9238662e-02
 -8.8543855e-03
 -1.2981690e-02
  3.5359706e-03
 -3.1352047e-02
  2.0316033e-02
  9.9445842e-02
 -1.4562073e-02
 -1.6766675e-02
 -1.0559088e-02
  5.7962909e-04
 -1.0869996e-01
 -4.7777798e-03
 -9.8595740e-03
  7.1568931e-03
 -7.3635848e-03
 -2.2157811e-02
 -4.1405875e-02
 -6.0008038e-03
 -9.6823946e-02
 -4.1658595e-02
  4.0841889e-02
 -1.0395348e-03
  4.3148659e-03
 -5.6742975e-03
  1.3645077e-02
 -7.4758292e-03
  6.4564971e-03
  3.3715981e-04
 -6.8774406e-04
  2.9571545e-01
 -1.3119662e-02
  1.0566384e-02
 -4.7551683e-01
  2.5177255e-02
 -7.7055646e-03
 -6.1886228e-04
  1.4395488e-02
 -1.2822994e-02
 -5.7453751e-03
  4.9462143e-02
  3.2407904e-01
  2.5165822e-02
 -7.0878513e-02
 -1.5271510e-03
 -3.8078681e-02
 -3.3071563e-03
 -2.6524323e-01
 -3.1789609e-03
 -3.7988191e-03
 -7.4572768e-03
 -3.4455492e-03
  2.7579768e-03
 -1.6178926e-02
  3.7297918e-04
  3.0755352e-02
  4.0895198e-03
 -1.3195197e-01
  3.0487863e-04
 -1.8860571e-02
 -1.6993439e-03
  3.4134234e-03
 -6.3968217e-03
 -2.8925920e-03
  5.2434616e-03
 -1.2013691e-02
 -1.7821636e-02
  9.4619626e-03
 -1.4619624e-02
 -6.6230096e-02
 -9.2368796e-03
  1.7236982e-02
  1.1236768e-02
 -1.3805931e-02
  2.8231024e-04
  1.8879555e-02
  7.1080599e-04
 -1.1895177e-02
  1.6870534e-02
  9.5816646e-03
  1.9773267e-02
 -8.3989068e-04
  2.0904133e-01
  1.6336925e-02
 -4.1889260e-03
  1.4214449e-02
 -9.0385526e-03
 -1.6429782e-02
  8.1114882e-01
  2.4079883e-02
 -3.2104505e-03
  3.7745209e-03
 -1.7319022e-02
 -1.8404116e-03
  6.9612092e-03
  1.0736927e+00
  1.5647775e-01
 -1.6703025e-01
  1.0296341e-01
 -6.5164554e-01
  1.1697528e-02
 -4.5897788e-01
  7.2863273e-02
  3.3457753e-01
  1.7411049e-02
 -1.6764420e-01
 -2.2378856e-02
 -1.1647476e-02
  1.7540922e-02
  3.7606549e-02
  4.1841689e-02
 -1.1980630e-02
  1.1988252e-01
 -6.3171901e-02
 -6.4497665e-02
 -5.7720821e-03
  2.6943585e-02
  2.9953688e-03
 -4.4449747e-02
  7.0783265e-02
  3.0189863e-01
  8.3410375e-02
 -1.5625611e-04
 -1.4455886e-01
 -9.1002367e-02
  2.1195296e-02
 -8.6680554e-02
  7.2206438e-01
 -6.0444653e-02
  1.3657466e-01
  2.4381387e-01
 -2.7805775e-01
  7.9784142e-03
  4.3978198e-03
  3.8244490e-02
 -1.0733501e-01
  1.0388281e-02
  2.7587978e-02
 -5.1931728e-02
  2.1045607e-02
  1.6952693e-03
 -1.2601618e-02
 -2.7459236e-02
  1.5446313e-02
  3.5162403e-03
 -2.3939442e-02
 -1.8632292e-03
  3.8201705e-01
  3.4924893e-04
 -1.8941091e-02
 -2.4407435e-02
 -4.7125857e-04
  4.1875439e-03
  3.2468773e-03
 -2.1185685e-02
 -4.9117688e-02
  4.3717828e-02
 -2.1875964e-02
 -5.4255135e-02
  1.1596389e-02
 -5.7151113e-03
 -1.2868676e+00
  5.0520897e-03
  7.2574434e-03
  5.7284995e-03
  4.3317787e-03
  5.5669295e-03
 -2.6234773e-01
 -6.8027541e-02
 -1.7356699e-02
 -1.7950147e-02
  1.5495918e-02
  5.3678141e-03
 -5.5101151e-03
  1.2433297e-03
  3.9250001e-02
 -1.9067748e-03
  1.4295931e-02
 -2.1886602e-02
  5.3577065e-03
  1.1614105e-02
 -4.0097121e-02
  1.4093917e-02
 -5.0411387e-03
 -1.1660217e-02
  1.1400749e-03
 -1.0050887e-02
 -1.7373449e-04
 -9.7504118e-03
 -2.2936543e-02
 -2.7480118e-02
  2.1341892e-02
  1.1630459e-02
  2.3876369e-02
 -3.5195373e-02
  9.7410250e-03
  4.0630852e-03
  2.1950342e-02
  1.4283569e-02
  3.9840126e-03
  3.8106568e-02
 -2.1743277e-02
  3.6816958e-02
  5.5133682e-03
 -1.0563185e-02
 -5.4330658e-04
  2.5364372e-03
 -2.1363366e-02
 -1.9489432e-02
  3.5102216e-03
 -1.0924875e-02
 -9.4434051e-03
  3.1198328e-03
 -3.5746156e-03
  1.2647018e-02
  5.3264089e-02
 -1.8290468e-02
 -7.5934860e-03
 -5.8660563e-02
 -2.0386405e-02
  1.0189422e-02
  2.0700669e-02
 -6.6893965e-02
 -7.4759144e-03
 -2.8491622e-02
  2.7230310e-05
  1.8558369e-04
  1.6444085e-02
 -8.7872958e-03
  1.1706570e-02
  4.2958092e-03
  5.0708927e-02
  1.3028846e-02
 -2.3359910e-03
 -2.2622148e-02
  3.9582173e-04
 -1.2583093e-04
  7.9906015e-03
 -1.9492123e-03
  4.1203473e-02
  1.3430274e-02
 -7.5649535e-03
  1.7730882e-02
 -5.2343281e-03
  6.3906069e-04
 -8.8688766e-04
 -4.5494616e-01
  1.1309416e-02
  1.1272904e-01
 -5.9827263e-03
  1.8062722e-02
 -2.6381060e-03
 -6.2045739e-03
  1.6361485e-03
 -3.4050986e-02
  5.3845579e-03
 -9.8914532e-03
  2.3243117e-01
  3.8676646e-02
 -9.7986661e-02
 -1.8728651e-02
 -2.9242111e-02
 -1.9896715e-03
 -1.2646618e-01
 -2.1387246e-02
 -1.7368377e-03
  6.2554688e-03
 -2.5940776e-02
  3.1136215e-02
  2.8406655e-02
 -4.9818298e-03
 -1.0657097e-02
  9.8434938e-03
  1.7999608e-02
  1.6014729e-02
  6.4721061e-03
 -4.3650895e-02
 -4.5262624e-02
  2.5976184e-01
  7.7319783e-03
  5.3074602e-03
  2.8425001e-03
 -1.8537473e-02
  5.8438596e-03
 -2.7943638e-01
  8.2230219e-04
 -3.2543134e-02
  5.6568567e-02
 -2.8715592e-02
 -2.7382753e-03
  1.2678692e-02
 -1.7613482e-02
  3.5117675e-02
  8.4831240e-03
  1.4698475e-02
  1.7200569e-02
  4.5405177e-04
  7.5534298e-03
  1.4375055e-01
  3.5965550e-03
  8.2764188e-03
  3.4313194e-02
  7.3653844e-04
  9.7313717e-02
 -1.1847630e-01
 -2.7219877e-02
 -3.0340566e-03
 -1.1979820e-02
 -1.0721806e-02
  5.6323621e-02
 -1.3088839e-03
 -7.0317186e-02
 -1.0565340e-02
  3.6400545e-02
 -7.3540150e-03
  2.0595725e-01
  2.5812290e-03
  1.1375485e-04
 -1.7138608e-03
  2.0706745e-02
  1.1917333e-02
  4.7044862e-02
 -1.9394687e-03
 -2.2260359e-02
  2.7340222e-02
 -5.3529732e-02
  2.2851644e-04
 -3.0634248e-01
  1.7909104e-03
  8.8962233e-03
 -1.4014528e-02
  3.5498184e-04
 -6.4863689e-04
 -1.3163449e-02
 -2.0198126e-03
 -4.0428143e-02
  3.3245843e-02
 -3.3793950e-01
  8.5732108e-04
  8.5055560e-02
 -6.0646008e-03
 -3.6942765e-02
 -1.6664052e-02
  4.0890645e-02
  4.6794899e-03
  6.0900142e-03
 -1.0653129e-03
 -1.4874954e-02
  1.7523549e-02
 -1.3013663e-02
 -4.2029656e-03
 -7.1604257e-03
 -1.4585550e-02
 -2.0942600e-03
  6.9780746e-03
 -3.0229017e-04
  2.8616933e-02
  4.7696847e-02
 -4.2573814e-03
 -1.2053259e-02
  1.2288893e-01
  3.2706859e-03
 -1.3239360e-02
  1.7660867e-01
 -1.9096326e-03
 -8.4354800e-01
 -3.3266982e-03
  4.7924079e-02
 -9.6601405e-04
  2.6754892e-01
 -2.7321726e-02
  1.6622534e-01
  6.2561850e-03
 -5.2271001e-03
 -1.8289100e-02
  1.0879716e-02
 -6.2486292e-03
 -2.2364518e-02
 -2.9802518e-02
  7.4490076e-03
  1.3932649e-03
  1.9190475e-02
 -8.5034229e-02
 -5.8808760e-03
  1.0604703e-01
  3.3104349e-02
 -2.0305163e-03
  1.9553926e-02
  7.8674227e-02
 -1.3984049e-02
 -1.7423607e-01
 -1.9107905e-01
 -4.4356972e-02
  5.5805808e-03
 -2.1497516e-02
  9.8793292e-03
  1.8367579e-02
  3.9795872e-02
 -8.1780385e-03
  8.7260120e-03
 -4.7727473e-02
  2.6282440e-03
 -2.2213941e-02
 -1.9231932e-02
  9.6942922e-03
  1.5441412e-02
 -7.7198780e-01
  4.3605450e-03
 -2.7688095e-02
 -1.1341337e-02
  1.2683137e-02
 -6.1877293e-04
  6.8869166e-02
 -4.1933402e-02
 -7.4975416e-03
 -1.7553331e-02
  4.3012381e-02
  2.0494873e-02
 -2.3567097e-03
 -2.3128851e-03
 -4.2433947e-01
 -4.9461215e-04
 -3.0715013e-02
  2.3820859e-01
 -3.6258884e-02
 -3.6120239e-01
 -2.5020316e-01
 -1.1016387e-01
 -2.2189237e-01
  4.2308894e-01
 -1.7642599e-02
 -7.1899837e-01
 -4.8483121e-01
 -7.4026972e-01
  9.0328706e-03
  5.0328803e-01
 -6.2264806e-01
  3.7622285e-01
 -3.8160539e-01
 -1.4974328e-03
 -2.4516438e-01
  2.0121152e-03
 -2.3578921e-01
  1.5259022e-01
 -7.5004138e-02
 -4.0016502e-01
 -8.7915827e-03
  1.6229250e-01
  4.2187818e-03
 -3.3709985e-01
  3.7266340e-02
 -4.6329412e-01
 -1.9695526e-01
 -1.2228692e+00
 -3.1377181e-01
  3.5835871e-01
  5.7693884e-02
 -6.2315346e-04
 -2.1443218e-01
 -2.6400844e-02
 -1.6919021e-01
 -4.9260911e-01
 -2.1881621e-01
 -7.0133299e-01
 -1.4246621e-02
 -1.1276484e-02
  9.7162006e-03
  3.0811401e-03
 -6.0463813e-03
 -4.0155292e-02
  1.1261288e-02
 -2.1720310e-03
  1.6562645e-01
 -4.9063475e-03
  3.4037179e-03
  1.2671558e-02
  1.9075735e-02
  1.2871737e+00
 -1.1252834e-02
 -3.2962748e-01
 -1.6319325e-02
  4.2469352e-03
  1.1718907e-02
  1.2901253e-01
  8.5079586e-03
  1.6974656e-02
  1.1163586e-02
  1.0373638e-02
  1.5937187e-02
  4.9581176e-01
  2.1004949e-03
 -5.7385534e-02
 -2.1439144e-01
  1.0231566e-02
 -4.6442840e-02
 -1.6758950e-02
  6.2164478e-03
  5.6074876e-02
 -2.3178708e-02
  7.3863375e-03
 -4.1837706e-03
  1.0595605e-02
 -7.1478826e-03
  8.0737602e-03
 -1.7556388e-02
 -3.3211107e-03
  6.4385701e-03
  4.8808083e-01
  2.5109898e-02
  1.5950412e-02
  9.9414978e-03
 -6.2500482e-04
  6.8525545e-04
  1.4027562e-02
 -6.4110301e-02
 -2.3337144e-02
  9.3719466e-03
 -8.1895003e-03
  1.1439708e-03
  1.2438825e-02
  1.6408844e-02
  4.4492492e-03
 -6.7013265e-03
 -8.4173046e-03
  8.3640806e-02
  2.3369754e-02
 -3.0127697e-02
 -1.3826334e-02
  1.0307691e-02
  1.7523576e-02
 -1.4008805e-02
 -4.4926640e-01
 -7.5904126e-03
  4.3342412e-02
  7.1239853e-03
 -6.9018705e-03
 -4.8653292e-03
 -3.8392602e-03
  2.8083926e-02
 -3.1261325e-02
 -1.4420320e-02
  4.5114558e-04
 -2.5172043e-03
 -2.7398782e-02
 -1.1300246e-02
  4.1725689e-01
  2.8856865e-03
 -9.0769483e-03
 -5.2988101e-02
 -2.5058629e-02
 -1.1156022e-02
  5.3634718e-03
 -6.0665589e-02
 -1.8135820e-02
  1.5437776e-02
 -2.8379057e-02
 -3.3488050e-03
  2.8312229e-02
 -3.6616265e-03
  6.9227023e-03
 -2.6422390e-01
 -1.1560055e-02
 -3.6002949e-02
  7.1001723e-02
 -9.6181007e-03
 -1.5879420e-03
 -1.3575056e-02
  1.1521360e-01
 -2.9203778e-02
 -5.0634518e-03
 -1.9786786e-02
 -1.3462289e-02
 -9.5481779e-03
 -8.5274894e-03
 -1.5431811e-03
  3.8218445e-03
 -4.3814811e-03
 -1.7722793e-02
 -3.2461558e-02
 -7.4012456e-03
 -7.6942367e-04
  2.8300890e-01
  2.0615187e+00
 -4.1266312e-04
 -8.1056133e-03
  8.6881429e-02
  2.1507485e-02
  1.3754572e-02
  8.0878912e-03
  5.3625694e-03
  2.7752351e-03
  5.9369938e-03
 -1.3038334e-02
  6.2086107e-03
  1.2519914e-02
 -6.3589695e-03
 -2.7043257e-02
  2.7155297e-02
 -4.5607178e-03
  2.8306500e-03
  1.6014306e-02
 -1.2689690e-03
 -8.7826857e-03
 -2.4247259e-02
  5.8205179e-03
 -6.4681442e-03
 -8.4249291e-04
 -1.4897290e-02
 -1.0557382e-02
 -1.3508032e-03
 -1.1247740e-03
  2.8382553e-04
  3.0955216e-02
 -1.1318719e-03
  1.2151958e-02
 -2.1222429e-02
  5.4812618e-03
 -2.4537995e-02
 -8.0838017e-03
 -9.0295020e-03
  4.7178235e-02
  2.9923283e-02
 -1.2070635e-02
  1.0869531e-02
  3.0638424e-03
 -1.5620647e-03
  7.4834540e-02
 -6.7047738e-03
  3.4070865e-03
 -7.3342277e-03
 -3.2468054e-03
  2.0064497e-02
  2.2487979e-02
  2.3981698e-02
  3.2712862e-02
 -8.1947550e-02
  5.8678431e-03
 -1.1460672e-02
 -2.6496064e-03
 -2.8071757e-03
 -3.2225795e-02
  6.2410552e-03
 -4.2936515e-02
 -1.7768140e-03
  3.1726744e-02
  2.9693613e-02
  4.1099088e-03
 -1.4117214e-01
  1.4564668e-02
 -1.3210160e-02
 -1.6372968e-03
  3.1874679e-02
 -3.7622131e-02
  2.3524442e-03
 -7.3760445e-03
 -1.4465269e-02
 -4.7747754e-03
  2.5069888e-03
  2.3469398e-02
  3.8047079e-03
  5.4078312e-03
 -1.8843789e-02
 -9.6550194e-04
  2.0171861e-01
 -2.0456773e-03
 -1.3700538e-02
 -9.6314304e-02
 -2.9437062e-03
  8.9262513e-04
  1.0013957e-01
 -6.2161945e-03
  7.0917131e-03
  4.5672837e-01
 -5.5444716e-03
 -2.0008864e-02
  2.5143674e-02
 -2.1876069e-02
 -1.6060542e-02
 -4.4243563e-02
 -1.5468413e-01
 -3.1901825e-02
  2.7932785e-02
  2.5100946e-02
 -5.5448146e-04
  2.2183727e-03
  2.2712855e-02
 -1.3481936e-02
  2.0472825e-02
  1.0521034e-02
  2.1157777e+00
 -7.2872901e-01
  2.8061836e-03
  2.7885681e-02
 -2.1621431e-01
  5.1615454e-02
 -4.2573586e+00
  4.4488419e-02
 -3.6240771e-01
 -3.9172551e-01
 -1.3714774e-01
 -1.5301201e-02
  3.6417361e-02
 -1.4263686e-02
  2.2969584e-01
  7.4971855e-02
 -8.0779260e-01
  3.8520342e-01
  1.4673756e+00
 -6.4924634e-01
 -1.6708979e-03
  2.5721641e-02
 -9.9031556e-01
 -7.7281357e-03
  1.4668973e-02
  7.2236261e-03
  3.7312027e-02
  3.6320600e-01
 -2.3151484e+00
 -8.3897905e-03
 -6.8525570e-03
  1.9058272e-02
  2.9951525e-01
  1.6661654e-01
  6.3893743e-02
  6.4344071e-02
 -5.8838863e-02
 -4.4829613e-01
  2.1749940e-02
  5.7206437e-02
  1.0717848e-01
  4.9353965e-02
  5.0348267e-03
 -1.7617217e-01
  1.1186555e-01
 -2.5474605e-01
  8.0965877e-01
 -6.6004605e-03
 -1.5432650e-02
  2.3308560e-02
  4.2026155e-03
  4.8599411e-03
  1.6058251e-02
  6.3623518e-01
 -1.1439747e+00
  4.5590211e-02
 -1.0805137e-02
  7.4573662e-03
  1.1110952e+00
 -2.5878523e-02
 -2.3751995e-02
  3.0662602e-02
  8.9020264e-01
 -3.6781602e-02
  1.7179471e-02
  2.1494029e-02
  4.1728420e-03
  9.3887448e-03
 -2.1561926e-02
  4.5376015e-03
 -4.4719358e-03
  2.0454271e-01
 -4.3106288e-02
  2.9167326e-03
  2.4258676e-05
 -8.4213046e-03
  1.4784755e-01
  2.8719469e-03
 -1.8356444e-02
 -3.2221111e-03
  6.4643887e-03
  3.0675804e-02
  2.3924075e-02
  2.6043956e-03
  1.5782889e-03
 -7.1911648e-04
 -2.8830914e-02
 -1.1151758e-03
  1.7353568e-03
  1.1111865e-03
 -2.8978195e-03
  9.8142587e-03
 -2.7833041e-03
 -1.6848877e-02
  5.5313498e-02
  3.1817457e-01
  3.6440242e-02
  5.1457271e-02
  5.2602928e-02
 -8.3464142e-03
  2.5034189e-02
  1.6305797e-02
  8.3282329e-03
 -2.3587376e-02
  5.6184893e-03
 -3.7877355e-02
  3.0560637e-01
  1.8709844e-02
 -4.4741979e-01
 -1.8208203e-03
  1.7535868e+00
 -1.5469353e-01
  1.2441276e+00
 -1.0740808e+00
 -5.9913304e-02
 -2.6726112e-02
 -2.1010287e+00
 -1.6134936e-01
  8.1798375e-01
 -6.7368634e-03
  3.1848115e-01
 -2.1391106e-01
 -1.2840636e-01
 -2.7247353e+00
  2.6604872e+00
 -1.0275292e-01
  5.0856489e-01
 -8.5227251e-01
 -1.8581356e-01
  2.4428623e-02
  8.2874811e-01
  3.9949638e-01
 -1.0832003e-01
  9.4998533e-01
  1.4314950e-04
  3.8682333e-01
 -5.9992278e-01
 -1.0235063e-03
  2.2983178e-02
  5.9611488e-02
 -2.3093057e-01
 -4.2144775e-02
  2.5432602e-01
  1.4913633e-02
  9.3805474e-01
 -7.0757008e-01
 -1.0934476e-01
 -5.2710446e-03
 -4.5267004e-01
 -3.0994824e-01
 -1.3524678e-01
  6.1170198e-03
 -6.9334097e-03
 -4.6104276e-01
  2.3873022e-01
  2.2808872e-01
  1.4212902e-03
 -4.5119960e-02
  1.0653428e-01
  1.5780009e-02
  1.0183625e+00
 -2.0328961e-02
 -2.0653529e-01
  2.3787349e-02
  9.2356307e-03
  2.2445964e-03
 -2.8092354e-03
  1.1603083e-02
  1.8041980e-02
  2.1039788e-02
  3.3692755e-02
  1.1933389e-03
  1.6269092e-02
 -1.2961036e-02
 -2.0205783e-02
  3.3504262e-03
 -1.1753459e-02
 -1.1148553e-02
 -1.1277942e-02
 -6.6769109e-03
  1.6514203e-02
 -1.6626190e-02
  1.6784050e-01
  9.5839137e-03
 -1.6081134e-03
  2.6296895e-02
 -1.4163909e-02
  4.6951310e-03
  1.5669761e-02
 -2.5786716e-02
 -2.5520939e-03
  1.6292284e-03
  8.9928051e-03
  5.9972187e-03
 -4.6763858e-03
  7.3345914e-03
  4.9695052e-04
 -1.5694264e-02
  1.1908361e+00
  6.0612457e-03
 -3.6397111e-03
  1.3011321e-02
  1.3023366e-03
 -2.5208913e-02
 -4.5788712e-03
  7.0187259e-03
  1.2489171e-01
  2.0376358e-02
  1.7782915e-03
 -7.7744983e-02
  1.9888083e-02
  1.4758563e-02
  1.2177891e+00
  1.1457871e-02
  4.2080026e-02
  1.5100949e-02
  1.3137509e-02
  9.2405798e-03
 -4.3513281e-03
 -1.3931780e-03
 -3.8267441e-02
 -2.4468275e-02
 -2.2791386e-02
 -4.5844577e-03
  6.3074096e-03
  1.1333779e-01
  7.7481507e-03
  1.8659438e-03
  6.4884201e-03
  7.6219596e-02
  1.0550633e-02
  1.4569540e-02
  4.7538601e-04
  2.3300307e-02
  3.1445567e-02
 -1.1787876e-02
 -5.8574899e-04
  7.6306905e-03
  6.4136505e-02
 -3.6380420e-04
  3.8384367e-03
 -3.8146514e-03
  1.1804773e-02
  1.2314064e-02
  6.3392865e-03
  8.4273843e-03
 -6.6009425e-03
  2.0417282e-02
 -1.4947365e-01
 -1.1994661e-03
 -1.4632961e-03
 -5.4092593e-03
 -3.2020211e-01
 -2.4848082e-03
 -5.4223561e-03
 -6.0616122e-03
  1.4642112e-05
  3.3747691e-03
 -8.0356083e-04
  3.1407166e-02
 -3.3170458e-02
  4.0000528e-03
 -2.4544215e-03
  1.0256780e-02
  2.2571390e-02
 -2.0352551e-03
  4.4877366e-03
  3.4950180e-03
 -2.5344992e-02
 -6.1884704e-03
  1.3629347e-01
 -1.4437159e-03
  8.0938088e-03
 -4.3396302e-02
  4.8912037e-02
 -2.3430860e-02
 -2.7713715e-04
 -1.3455987e-01
 -5.1367816e-02
  6.5219298e-04
 -1.8262949e-02
 -5.7775591e-02
  1.0069861e-02
 -3.3573896e-02
  2.9544504e-03
 -1.2652461e-02
  3.7123300e-02
  4.4984985e-03
 -1.4692860e-02
  9.8217480e-02
 -2.1823542e-02
 -2.8798729e-03
  1.7356870e-01
 -2.8776473e-03
 -1.6366090e-01
  2.5566390e-03
  2.8480697e-02
 -1.7255992e-01
 -2.4751086e-02
  3.0525308e-02
  9.5948298e-03
 -1.2360698e-02
  6.6119485e-02
  5.2533364e-03
  4.5275282e-02
 -4.0224411e-02
 -1.0015054e-03
 -6.7916793e-01
  1.7643342e-03
  9.5008705e-03
  1.2183205e-02
 -1.6329428e-02
 -3.1807300e-02
 -5.6515797e-03
 -1.3344426e-02
  1.7947258e-02
  1.0589618e-02
 -2.2320994e-03
 -8.4643643e-03
  2.3250079e-03
  9.4795683e-03
  4.7169849e-02
  4.5145163e-03
 -3.3036489e-03
 -5.5252898e-01
 -2.7428751e-03
  4.5887725e-03
  1.1987960e-02
  4.8589483e-03
  5.4306723e-03
  1.2720975e-02
 -2.2049341e-02
  9.1145504e-03
 -1.8305987e-02
 -9.6134199e-03
  2.9706176e-02
  3.1697964e-03
 -2.3674045e-03
  1.8633259e-02
 -5.8581703e-03
  3.9742906e-02
 -2.6627274e-02
  1.3643817e-02
 -3.6867626e-03
 -1.3554757e-03
  1.0038384e-03
  6.4617642e-03
  2.4418964e-03
 -1.4525421e-03
 -5.7027262e-04
 -1.9129165e-03
  4.0424098e-03
  1.2016498e-02
  8.1124324e-03
 -2.1708112e-03
  7.6451814e-03
  3.3895738e-02
  2.6017565e-03
 -1.4170941e-02
 -1.8669683e-02
  4.6675256e-03
 -1.5208988e-02
 -2.3512203e-02
  2.4464807e-02
 -1.2374866e-02
 -5.5499829e-04
 -2.8333211e-02
 -4.5326222e-02
  2.4493262e-02
  3.2362595e-02
  2.7139685e-03
 -4.0594868e-02
 -5.2070506e-03
  5.8602873e-04
 -1.5006921e-02
 -7.8917533e-04
 -3.3202036e-03
 -7.9688886e-03
 -2.0507288e+00
  8.6965123e-03
 -6.5868197e-04
  8.4283752e-03
  7.7197007e-03
 -4.0263524e-03
 -1.4580628e-02
 -2.7303786e-03
  2.0450141e-02
  1.2677035e-03
 -1.9423530e-02
  3.8688784e-03
 -5.1596846e-02
 -2.6268939e-02
  3.8401984e-02
  3.6151728e-01
  8.7027326e-03
  2.9602924e-03
 -5.8935490e-03
 -7.7386957e-04
  6.4809020e-03
  1.4700543e-02
  1.1553046e-02
  5.6592859e-03
  1.4488082e-02
  1.7172510e-02
 -3.3028528e-02
  1.1936473e-02
 -1.4796167e-03
 -1.2692026e-02
  9.6098417e-03
 -1.6591020e-02
  4.1578058e-03
  1.1166505e-03
  7.8827692e-03
  1.0523308e-03
 -7.7158660e-03
  1.2415599e-02
 -6.9809142e-03
  8.0121160e-02
  9.2320275e-03
  2.2982055e-02
  5.8815768e-03
 -5.8688647e-03
  2.4201812e-02
  7.8484818e-04
  5.6739580e-03
  4.6173744e-03
 -1.8355748e-02
  5.7326849e-03
 -3.9956056e-02
  1.0673934e-02
  1.4964893e-04
  1.7674459e-02
 -1.4285749e-02
  1.3306377e-02
  7.2504664e-03
 -1.0827895e-03
  8.7566683e-03
 -1.3449663e-02
  6.4715622e-03
 -1.4005569e-02
 -5.3839525e-03
  1.1752622e-03
  6.1590262e-03
 -2.8543407e-02
  1.8381029e-02
  3.4371326e-03
 -7.3483479e-03
  4.2787988e-02
  9.2101349e-03
  1.4579673e-02
 -2.2539545e-03
 -7.0342636e-03
 -3.2877669e-02
 -2.0016108e-01
  9.6920189e-03
  6.4659299e-04
  8.7865535e-03
  1.4305003e-02
  1.0211769e-02
 -4.9673274e-02
 -8.1029719e-01
  6.2859580e-03
  8.8085169e-03
  1.0591529e-01
 -1.4220462e-02
  1.9039853e-02
  2.2994200e-02
 -2.3019908e-02
 -4.7518602e-03
  2.0396707e-03
 -1.0256869e-02
 -6.4811683e-03
 -2.9831864e-02
 -1.6918883e-02
 -1.9683022e-02
 -1.3090203e-02
 -3.0728899e-02
  1.3595335e-03
 -3.4678178e-03
  8.2086464e-03
  8.3099687e-03
 -5.6837643e-03
 -3.1170095e-03
 -7.4816984e-01
 -4.7563938e-03
 -3.8103955e-03
  7.8258252e-01
  3.0380169e-01
  7.7120118e-02
  2.1323223e-01
  1.2940641e-02
 -4.7668193e-02
 -2.2197304e+00
  7.4237101e-02
  2.2546622e-01
  7.7034280e-02
 -3.2083038e-02
  1.8189526e-01
 -4.0233541e-01
 -2.6517245e-01
  7.6971225e-02
  7.8409642e-02
 -1.2367664e-01
  2.3270383e-02
  1.8803664e+00
  1.0165687e+00
  2.6832439e-02
 -2.0980220e-02
 -1.9499622e-01
  2.9887307e-01
  6.2838864e-01
  1.9376229e+00
  1.9728599e-01
  3.6874610e-01
  5.4545873e-01
  7.7597700e-02
 -2.9698191e-02
 -8.9974161e-03
  3.4744975e-01
  6.2414938e-01
  4.9048835e-01
  6.1675720e-03
  6.9839526e-03
 -4.3301519e-02
  1.0449135e-01
 -4.5149671e-03
 -9.0614957e-04
  7.5524566e-03
 -4.2654877e-03
  4.6047288e-01
  4.0434957e-02
  3.0977637e-02
 -8.4427213e-03
 -2.2878850e-02
 -5.9647578e-01
  1.3306257e-02
  3.4064688e-03
 -7.4254121e-03
  4.7203556e-01
  1.8821809e-02
 -1.2153852e+00
  1.7207615e+00
 -1.2617514e+00
  5.3139491e+00
  6.6844678e-01
  1.2461030e+00
 -5.0243086e-01
  3.0063152e+00
 -2.1682982e+00
  7.0315772e-01
 -1.1912516e+00
  1.9128543e+00
 -3.6721176e-01
  1.8030977e+00
  1.8623500e-01
 -9.3768907e-01
 -3.8238146e+00
 -2.0526177e-01
  3.6977282e-01
 -1.1814981e+00
 -5.7213612e+00
 -3.1606451e-02
  1.8769821e+00
  4.7338721e-01
 -1.3098904e-01
 -9.0633863e-01
  5.1016710e-03
 -1.7432632e-01
 -1.6877974e+00
 -1.2199994e+00
  4.9455155e-02
  1.4489254e+00
 -4.7085226e-01
  8.8611817e-01
  1.1921792e+00
  2.3140578e-02
  1.7011198e+00
 -9.0089124e-01
 -5.8272111e-01
 -5.9480323e-03
 -2.2557224e-01
 -1.7467791e+00
  7.4744165e-01
  1.0313408e+00
  1.2756571e-02
 -2.5906849e-01
 -4.6759881e-02
 -5.3615451e-01
 -1.5767759e-01
  2.6211698e-02
 -3.5517707e-01
 -6.3700998e-01
  5.7350731e-01
  5.5878144e-03
 -6.3780516e-01
 -4.5554237e-03
  2.2601003e-03
  1.2097050e-02
  1.0701491e-02
 -1.1651927e-02
 -2.9243247e-03
  3.7729426e-03
  3.8385903e-03
  4.7084540e-02
  7.2112274e-03
 -5.4835398e-03
 -2.6297657e-02
  4.6679202e-02
 -1.2788001e-02
  3.9696116e-03
 -5.1786061e-03
 -1.3517991e-02
 -5.6857890e-03
  4.6689354e-04
 -6.4834566e-03
 -1.0901302e-04
  1.6533587e-02
 -2.6366818e-03
 -4.6350807e-03
 -5.5523678e-03
 -4.7936223e-02
  3.5524156e-02
 -9.4149882e-01
  1.8430173e-02
 -7.1603516e-03
  1.8232580e-02
  2.0783257e-02
  6.5181404e-03
  1.1040255e-02
  5.9459442e-03
 -6.1035991e-02
 -1.3169107e-02
  3.4363221e-03
  2.7677862e-03
 -2.5523433e-02
  2.3569013e-03
 -2.8421875e-02
  6.8752160e-03
  5.3240165e-02
  4.9193301e-03
  2.7999748e-03
  9.4446102e-03
  5.6063673e-03
 -5.4712072e-02
 -1.3866689e-02
  3.4382129e-03
 -3.5775238e-01
 -2.7833483e-03
  7.7488631e-01
 -1.7125939e-01
 -1.1077240e-03
  1.6559629e-03
 -5.9509093e-01
  5.9217983e-03
  4.5122947e-03
 -1.0684786e-02
  2.1169214e-02
 -1.8931990e-02
  1.5342082e-03
  1.1378240e-02
 -5.6618792e-03
  1.1332141e-02
 -2.4246143e-01
 -2.0628592e-02
  2.8015652e-03
  4.8269597e-03
 -6.5156282e-03
  6.2692985e-03
 -2.8089048e-02
 -1.2115821e-02
 -1.9500043e-03
 -3.5800147e-03
 -1.0993182e-02
  1.5592452e-02
  1.8523714e-04
  3.5537984e-02
  1.7325794e-02
  3.1442741e-01
  1.5430426e-03
  1.5010243e-02
 -1.7254144e-02
  1.2531745e-01
  4.5138495e-03
 -5.5883486e-02
  3.8140302e-03
 -2.0444589e-03
 -1.1584507e-03
 -2.6286270e-02
  4.1292649e-02
  7.4593113e-03
 -7.4070608e-03
 -1.9387018e-02
 -3.0723051e-03
  1.3368682e-02
 -1.3032930e-01
  2.6549345e-02
 -3.9478872e-02
  1.7621110e-03
  1.1777005e-01
 -5.0926548e-03
  3.7639353e-02
 -7.9279179e-03
  1.9504976e-02
  6.2022363e-03
 -2.5843547e-03
  3.0767214e-02
 -1.6775558e-02
 -5.5344924e-03
 -1.2902125e-02
  2.9511924e-03
  5.0807637e-03
 -2.6164183e-02
 -4.6012537e-03
  6.9502089e-03
 -3.7919579e-03
 -1.2617582e-03
  1.0457196e-03
 -3.4178079e-03
  1.4246159e-02
 -7.9140086e-03
 -2.5100490e-01
 -4.6342756e-03
  2.9616762e-02
 -1.9061178e-02
  1.2104344e-03
 -8.5383290e-03
 -1.3359134e-03
  5.6075943e-03
 -1.9970287e-03
 -4.5238133e-03
  1.6820928e-03
  3.4753496e-03
  1.2911380e-02
  4.9169138e-03
 -5.6431238e-03
  7.4749258e-03
  1.8824659e-02
  1.3991035e-02
 -6.8951789e-03
  1.3682692e-02
 -1.5923759e-02
 -9.0431198e-03
 -1.1151879e-02
 -1.5817006e-03
  1.2502757e-02
 -5.4840590e-03
 -9.6392110e-03
 -3.1338162e-03
 -3.2304477e-02
  3.0949188e-02
  1.1887085e-02
 -4.6120929e-03
 -3.0152537e-03
  1.8567214e-02
 -1.1014108e-03
 -1.5166494e-02
 -4.3704223e-02
 -2.5187526e-02
  7.4895979e-03
  4.2540743e-03
 -5.8270127e-02
 -1.1812752e-02
  4.1039460e-03
 -7.7466611e-03
  3.5645515e-03
 -4.7887438e-03
 -6.7545868e-02
 -1.4558712e-02
 -4.4382375e-01
 -1.0517031e-03
 -1.0085353e-02
 -4.6378234e-03
  3.9542862e-03
 -1.9784335e-02
 -7.8099156e-03
  3.6163907e-03
  7.9601444e-03
  5.4317936e-03
 -9.4067017e-03
  7.2964756e-03
  3.1375751e-02
 -5.1890593e-02
  9.8134847e-03
 -2.3699173e-04
 -4.5303996e-03
 -2.6322696e-02
  3.5917200e-03
  1.4116564e+00
  6.6863825e-03
  4.6483688e-03
  2.6750896e-04
  2.0442236e-02
  2.4019552e-02
 -1.1979143e-04
  1.6226055e-03
  4.4360519e-03
  3.4375505e-03
 -2.4104379e-03
 -1.7691420e-02
 -2.5270430e-03
  3.2071017e-02
 -5.1200055e-02
  6.3026406e-02
  3.3390773e-03
 -8.7127723e-03
 -8.6539946e-03
 -8.6574918e-03
 -1.2700973e-02
 -1.6602436e-02
 -1.2722496e-02
 -1.9791738e+00
  8.4964037e-02
 -3.5509935e-01
  7.6246899e-01
  2.2323148e+00
  2.3461819e-01
 -2.5965434e-01
 -2.6379684e-02
 -4.2117059e-01
  3.1638232e-01
  8.6450785e-02
 -4.2016190e-01
 -2.2140165e-01
  1.1465129e-01
  4.6803933e-02
  1.5856433e-01
 -6.6198653e-01
 -1.4269996e+00
 -2.6752612e-02
 -2.3230915e-01
 -4.4166584e-02
 -2.6670286e-01
  5.6928349e-01
  2.7740073e-01
  7.7141076e-01
 -1.5859202e+00
 -1.9730211e+00
  9.6321470e-01
 -3.8447888e+00
  5.9612900e-02
  3.0197296e-03
  8.0129224e-01
  5.7880718e-01
 -1.3488562e-01
  4.0357983e-01
 -1.4613895e+00
  6.6979939e-01
 -1.6774927e+00
  2.1120961e+00
  1.4306724e-03
  3.9764020e-01
 -5.8159733e-01
  2.2588743e-02
 -5.2666104e-01
 -8.3568466e-01
 -1.4916542e-01
 -1.1191747e-01
  7.3769684e-03
 -1.7744672e-02
  1.4310659e-02
  5.9916591e-03
 -6.1979976e-02
  2.7386793e-01
 -9.7449109e-02
 -2.6264035e-03
  1.0332662e-02
 -1.1024540e-02
 -1.0016703e-02
 -1.1178771e-02
 -1.4873315e-01
  2.4490319e-03
 -3.6433920e-02
 -5.4596323e-03
 -8.5239951e-03
  9.5902296e-04
 -6.7257078e-04
 -3.4558307e-03
 -2.3368344e-01
 -1.1939114e-02
  3.2315582e-02
 -2.0596353e-02
  1.3545186e-02
 -3.0282239e-04
 -4.5356415e-03
  3.9930165e-02
  3.4792218e-02
  1.5209836e-02
  7.6118899e-03
 -7.0884246e-03
  5.1266351e-04
 -1.6604532e-02
 -8.5619179e-04
 -1.5136028e-04
  1.1874094e-03
 -4.0802234e-03
  1.0250771e-02
 -1.3648354e-02
  1.6545884e-02
  9.1079548e-03
  2.3887815e-02
  6.4960187e-03
  4.5197941e-03
 -1.6887851e-02
  3.8841646e-02
  3.5781156e-02
 -2.6517717e-02
  1.8863440e-02
  5.9282342e-03
 -3.8786046e-02
 -5.1248395e-01
  1.9959511e-02
 -1.6349882e-02
 -4.4788617e-01
  5.9950897e-03
 -2.7302629e-03
 -9.9590570e-03
  4.4767098e-03
  8.1580930e-04
 -2.8920246e-02
  2.9114611e+00
 -4.3939608e-01
  1.5558057e-01
 -4.9627540e-01
  2.9254051e-02
 -1.7202100e+00
  1.0535692e+00
  7.2302006e-02
  6.2056363e-01
 -7.7970171e-01
 -4.6009600e-02
  1.3871735e+00
 -6.5128988e-01
  2.7918778e-02
  6.2436331e-03
 -5.9883382e-02
 -6.6882768e-03
  1.1946907e-01
  1.6402078e-01
 -8.4817164e-02
  8.7325257e-01
 -1.7309719e+00
  2.8489342e-01
 -1.2157858e-02
 -8.9067757e-01
  9.3241772e-03
 -5.3738898e-01
  5.9109062e-01
 -1.4842995e-02
  2.6234975e-01
  1.5693655e-02
  2.5702062e-01
 -1.3341261e-02
 -3.0595455e-03
  2.9206294e-01
  1.3654802e-02
 -1.8525785e-01
  1.6764076e-01
 -3.5190564e-02
 -3.7545940e-01
  1.2480394e-02
  1.8425515e-02
  8.3762426e-03
  6.0747718e-03
 -1.1550483e-02
  1.0211562e-01
 -1.4784977e-02
  5.9785414e-03
  1.0392934e-02
 -1.3691206e-01
 -1.0389028e-01
 -1.3473303e-02
 -3.7515559e-03
 -1.4900042e-02
 -2.1428443e-03
  1.8183462e-02
 -3.8227394e-02
  1.2763287e-01
 -9.5770048e-04
 -3.2280289e-02
 -1.1883034e-02
  3.6187310e-02
  1.4177625e-02
  8.8279508e-03
 -1.2171717e-02
  1.4768306e-02
 -4.8592411e-02
 -6.3704588e-03
 -2.2144394e-02
 -8.8366913e-03
 -1.5156105e-03
 -5.0574958e-02
  2.6648227e-02
 -3.1544037e-02
 -4.1368445e-03
  3.8852773e-03
 -1.8497121e-02
  9.0137385e-02
  2.9679330e-03
 -4.1644864e-02
  1.2921221e-02
  3.1611503e-03
  8.0266418e-03
 -7.6713194e-03
  3.0661609e-03
 -4.4954722e-03
  3.5719195e-04
  1.6847728e-02
 -2.1059763e-02
 -1.4797538e-02
 -5.9986440e-03
 -2.1535044e-03
 -6.4942591e-02
  1.1160215e-02
 -1.6495798e-02
 -3.7375165e-03
  8.2299672e-03
  9.1184778e-03
 -1.3449895e-03
  5.9231822e-03
 -6.7228125e-03
  2.3651641e-02
 -1.5879229e-02
  1.3221444e-02
  1.3937482e-02
  2.3650534e-03
 -1.0033588e-02
  1.4285923e-03
  1.5454921e-02
  1.9234199e-02
  4.9749101e-03
 -4.3970443e-02
 -4.3832999e-02
  1.6819633e-03
  6.2061767e-03
  4.0559014e-03
  1.7936920e-01
  3.4810368e-02
  6.2244479e-03
 -2.7002377e-02
  3.3676952e-02
  9.4030434e-03
 -8.5630547e-04
  7.3063201e-03
  3.3904649e-02
  4.9160845e-03
  8.2725221e-03
  4.5951428e-03
  1.7581470e-04
 -1.2565973e-02
  1.2606512e-01
  9.5881028e-03
  1.2165433e-02
  3.1647712e-02
  8.7895570e-03
 -7.0233243e-03
 -1.4799359e-01
 -9.4484380e-03
  2.5431098e-02
  9.6926354e-03
  4.3621659e-02
  6.8521029e-03
  7.3501389e-03
  4.4754650e-03
  1.3117986e-03
 -1.2923006e-03
  4.1541466e-03
 -3.2367852e-02
 -2.0847437e-03
  2.6743603e-03
 -7.2137727e-03
  2.0030583e-03
 -1.9555248e-03
 -5.6721359e-03
 -2.5526602e-03
  2.8641603e-03
 -8.2551818e-03
  6.5186662e-03
 -4.2826552e-03
  3.5769651e-03
 -6.9303317e-03
  6.1266726e-01
  5.8582898e-02
 -2.9800883e-01
  8.7249549e-03
 -1.6727924e-01
  8.6058844e-03
  1.1668122e-02
  5.5344810e-04
 -2.0314783e-02
 -1.6864020e-02
 -2.7235791e-01
 -2.3840449e-03
 -6.9181607e-03
 -6.0005285e-02
  1.8682003e-02
  3.7422955e-02
  2.2751315e+00
 -9.6758055e-03
  3.0680531e-01
  4.1617560e-03
  6.8996432e-03
  1.1248005e-02
  6.6998050e-02
  1.2943494e-01
  2.9914284e-02
 -1.5881683e-03
 -2.0970905e-02
  1.7582526e-02
 -5.8889706e-02
  6.8828166e-03
  2.2842553e-02
  1.3235047e-02
 -1.0516971e-02
 -2.2581781e-03
  5.2488677e-04
  2.3194607e-02
  3.6332318e-01
  3.5234127e-02
 -2.1823505e-03
 -9.0952791e-02
 -1.5808621e-02
  1.8254918e-01
  1.0156762e-01
 -3.3318471e-02
  8.0436515e-03
 -4.7781589e-03
  3.7793018e-02
  2.2180635e-03
 -7.0293243e-03
  1.9810477e-03
  2.2838172e-02
 -1.1479011e-03
 -1.8089648e-02
 -3.1145040e-02
 -1.0702758e-02
  1.7247497e-04
 -5.1314350e-02
 -2.9946028e-03
 -4.5650944e-02
  5.2095191e-03
  1.0201944e-02
 -6.4209133e-02
  3.0722572e-02
  9.1135837e-03
  5.2200886e-03
  1.0748211e-01
 -2.3134220e-02
  2.8380167e-03
 -4.0954279e-04
  9.3498901e-03
 -2.5124189e-02
  1.3259265e-02
 -2.3795043e-04
 -2.1789989e-02
  6.9154157e-05
 -7.4889353e-03
 -3.3324200e-03
  6.6602775e-03
 -9.9538425e-03
  1.5107940e-03
 -1.6045559e-02
  1.9769895e-01
  2.5509421e-02
  3.0943742e-03
  1.7360777e-02
  4.5674283e-02
 -1.9772489e-02
 -1.3065936e-01
  9.1957394e-03
 -4.1096497e-02
 -1.1955442e-02
 -1.9699326e-03
 -2.4410568e-02
 -2.9841107e-03
 -2.5104994e-03
 -2.9597016e-02
 -1.1274330e-01
 -2.3347940e-02
  3.8171429e-03
  1.8597657e-02
 -1.5066369e-02
  3.0270249e-02
 -1.1331420e-01
  6.2463048e-04
 -2.6243284e-02
  3.3150762e-02
  1.4596069e-03
  1.3594992e-02
  4.5865301e-02
 -8.2803518e-03
 -8.0503887e-03
 -5.0068041e-03
  8.0143899e-02
  4.7641629e-03
  1.5051814e-02
  1.1484776e-02
 -1.2509073e-02
  4.1606009e-02
 -1.3404595e-03
  5.2374024e-02
 -1.3998132e-02
  8.3610184e-02
  2.7923141e-02
  5.3925170e-03
  5.6670220e-03
 -4.5954683e-03
 -4.1670771e-03
 -1.0138058e-02
 -7.9171704e-03
  6.7407214e-03
  1.1561627e-02
  1.5548564e-03
  2.0536248e-02
  1.3090165e-02
  9.7570149e-03
  1.6120803e-01
  2.8652724e-02
  9.5921252e-03
 -6.4676034e-01
  1.5829766e-02
  4.1322067e-02
  8.7187104e-03
  6.8138503e-03
 -8.2420437e-03
 -3.2458985e-03
  6.7404653e-03
  3.3586752e-02
 -7.1417009e-03
  4.2918082e-02
  1.1809620e-02
  5.1766291e-04
 -1.9023539e-02
  5.1545557e-02
  1.9283423e-02
 -3.7659577e-03
 -4.3283999e-03
  6.1249695e-05
  5.0121808e-04
  1.1468962e-03
 -1.3239164e-02
  8.1645630e-02
 -2.4713673e-02
  8.6523879e-01
 -5.2144667e-03
  6.0754336e-02
 -3.5841605e-03
 -4.3766522e-01
 -2.5303108e-03
  1.4795129e-01
  8.2432944e-03
 -4.0241629e-01
  7.3835343e-02
  1.8872957e-01
  1.4221981e-04
 -8.7500010e-03
 -1.9213300e-02
 -1.7582953e-02
 -7.3485775e-03
 -1.7499629e-02
 -1.3938099e-01
 -1.2192841e-02
  2.3655593e-01
  4.3478042e-01
 -2.8571585e-05
 -2.3690008e-03
 -1.6443392e-02
 -3.3071442e-03
  1.4211234e-01
  5.5416801e-04
  1.8369792e-02
  1.2921705e-02
  2.2446753e-02
 -3.6598444e-03
 -4.1423636e-03
 -2.0191625e-02
 -1.0967847e-02
 -1.2543766e-02
  3.2282523e-03
 -2.2624901e-01
 -1.6321778e-01
 -5.9817065e-02
  1.1582859e-02
  1.2788787e-02
  1.6359227e+00
  3.0560149e-03
 -1.1044485e-02
 -1.1870789e-01
  5.3016111e-02
 -1.0531020e-02
  1.6645780e-02
  5.0524902e-03
  6.7197098e-03
 -6.8400719e-04
  2.0828309e-02
  1.5656808e-02
 -6.5208820e-04
  1.9539768e-02
  9.1259535e-03
 -1.3015009e-02
  7.5855278e-03
 -1.0258678e-01
 -5.1638356e-04
 -1.3898334e-02
 -2.4777798e-02
 -4.0364694e-03
  1.3759134e-02
  1.8758273e-02
  1.8658405e-02
 -5.9930258e-04
 -5.7287817e-03
  6.2205181e-02
  4.7063529e-03
  5.8530411e-03
 -8.0021918e-03
  2.1985695e-03
 -8.4454790e-03
  4.6700577e-04
 -5.6784130e-03
  3.1271014e-02
 -4.5912778e-03
 -1.4327425e-02
 -8.7928716e-03
  4.1338660e-02
 -1.4132136e-02
  6.1674234e-03
  5.0482259e-04
  1.9693246e-02
  4.1846690e-01
  2.9221426e-03
  2.2962093e-03
  1.9968977e-02
 -2.3468440e-02
  2.7915921e-02
  5.8770538e-03
  7.7882071e-04
 -6.3858010e-02
  6.4935493e-03
 -4.4147475e-03
  1.5723122e-02
  6.1669718e-03
 -1.7326206e-02
 -4.7833901e-03
 -1.2633841e-02
 -2.4754654e-03
 -2.6080045e-03
 -5.7499832e-04
 -1.4986037e-03
  7.6253163e-03
 -1.0946445e-03
 -8.0562988e-03
 -8.3883423e-01
 -3.4269590e-03
  1.2315296e-02
  1.2108632e-02
  3.3805452e-02
 -5.2159939e-02
 -4.3890491e-02
  1.3172973e-02
  7.5011617e-03
  4.7288820e-04
 -3.5623556e-01
  8.5522942e-03
 -1.0605043e-02
 -1.4769523e-02
 -1.1687743e-02
  1.9411611e-03
 -2.2924175e-02
  3.9575975e-03
 -1.4869795e-02
  9.5912302e-03
 -2.0799135e-01
 -3.3334182e-03
  6.5828371e-03
 -1.6752155e-02
 -1.4281849e-02
 -2.3272702e-02
 -3.8632023e-04
  2.9209279e-03
  1.8841280e-02
  3.8861629e-02
  3.6383176e-03
  6.1401618e-03
 -1.0464774e-02
 -2.6932003e-03
  4.8311814e-03
 -4.5152999e-02
  1.4833136e-03
 -6.8236813e-03
  1.7111825e-03
  8.2642876e-02
 -4.4471604e-01
  2.3784028e-02
  6.4009223e-03
 -2.8535290e-02
 -3.8594685e-03
  1.9966170e-02
 -3.4669146e-03
  1.8670554e-01
  2.6064411e-02
 -6.5089683e-03
 -1.9573362e-01
 -1.4844842e-02
 -6.2762052e-02
 -5.2511687e-03
  7.6396009e-03
  3.3487339e-02
 -4.4983774e-03
  4.2127147e-02
 -4.2416230e-01
 -4.5305821e-03
 -3.0109268e-01
  1.2949033e-02
 -1.0394827e-02
 -1.8335079e-03
  2.4803937e-03
 -1.9372566e-02
 -1.8316053e-02
  2.0331480e-03
  1.9921253e-02
 -1.1507832e-02
 -3.8741916e-02
  6.3479091e-03
 -9.8541109e-03
  7.2223909e-04
 -1.0383636e-03
  2.3466730e-02
  9.3616061e-03
 -8.2835052e-03
 -1.1230814e-03
  1.1868855e-03
 -1.5576778e-04
  1.1080808e-03
 -8.4675942e-03
  2.5617151e-02
 -6.7026950e-03
  1.2203117e-03
  1.1242079e-02
 -1.0476935e-02
 -1.8943278e-02
 -4.9879774e-03
 -5.0098510e-03
 -2.1183890e-01
  4.2913100e-01
 -5.9673726e-03
  1.9431850e-02
  1.6380232e-02
  6.5488983e-03
 -3.0170234e-03
 -1.8772157e-02
 -1.0326501e-02
  2.8526885e-02
  2.6106270e-02
 -1.7529577e-02
  2.5829265e-02
 -5.1676698e-02
 -5.2074425e-02
 -4.6591673e-02
 -1.0231998e-02
 -4.3374714e-01
 -6.5964751e-02
  1.1075897e-01
  3.2223534e-02
  5.5768853e-01
 -2.3169303e-02
 -4.1071168e-01
 -1.0891937e-01
  9.0610333e-02
 -7.2971494e-03
  4.9354365e-01
 -3.0326284e-03
 -4.4044338e-02
  4.0976039e-01
  8.1252426e-02
  1.5913109e-01
  3.3246443e-01
 -1.4076994e-02
 -1.3837503e-02
 -1.2044823e+00
  2.5015824e-02
 -1.8591461e-01
  1.5131876e-01
  8.7396443e-02
 -6.6258451e-03
  3.1458262e-02
 -6.0843801e-01
 -6.8824577e-01
 -1.8402754e+00
  6.5945774e-02
 -5.4848655e-03
 -2.2981670e-01
 -2.1294685e-01
 -5.2954066e-01
 -2.3631413e-01
 -4.6001640e-01
  2.4748600e-01
 -3.6822444e-01
 -2.7220002e-03
  1.3475722e-03
  7.6016001e-03
 -5.0337791e-01
 -2.4157073e-02
  3.8912100e-01
 -1.4320526e-01
  2.6754100e-02
 -3.7642005e-01
  1.5025370e-01
 -1.7622771e-02
 -7.6744533e-03
 -3.7168235e-01
 -2.8873345e-02
  2.1433700e-02
  8.3729066e-03
  2.0329438e-03
  9.8906811e-03
  1.7203400e-02
  4.9669079e-02
 -3.0212387e-01
  2.6226524e-02
 -2.7056888e-02
 -7.7415002e-03
  2.2266115e-01
 -2.0793860e-03
  2.6118232e-02
 -1.1425140e-02
  3.3226011e-03
  1.6616302e-02
  4.6533287e-02
  1.6567212e-02
  1.0715087e-02
  2.9970331e-02
 -2.8838877e-02
 -6.7641768e-03
 -1.3296070e-03
 -5.3416523e-03
 -2.1582237e-03
  1.2543835e-02
 -8.4792227e-03
  5.6816082e-02
 -9.3879169e-03
  1.8560128e+00
 -1.3462844e-02
  4.4367677e-03
  1.2914497e-02
  2.2397780e-04
  8.0982652e-03
  1.3497412e-02
  9.2247343e-03
  2.2792609e-02
  7.3596992e-04
  7.7513881e-02
  7.3005916e-03
  2.9287955e-03
 -5.3328183e-03
  2.9238725e-02
  1.1181897e-02
  8.3169487e-04
 -6.9469382e-04
 -1.4914857e-01
  9.4799232e-03
  9.5615681e-04
 -5.9441170e-03
  2.4739729e-02
  1.4660948e-02
  2.8808559e-03
  3.2725639e-03
 -2.8646279e-03
  1.0828234e-01
 -2.9661128e-02
  2.4763260e-03
 -1.1380736e-02
 -3.5325084e-03
 -4.2896014e-01
 -4.8907297e-03
  1.2613429e-02
  2.0288380e-02
  2.2235703e-02
 -9.8676505e-03
  3.3768382e-02
  4.4919156e-02
  4.6740696e-03
 -1.4616916e-02
 -3.0533222e-02
 -2.5504151e-02
 -7.4657644e-03
 -1.7764504e-03
  5.8640651e-02
 -4.8720025e-04
 -1.0510946e-02
 -7.6365815e-03
 -6.3395626e-03
 -2.3198484e-01
  3.1041859e-02
 -3.4291167e-02
  2.0963920e-02
  3.9256546e-03
  1.8738022e-02
  1.9052554e-03
 -4.5958604e-03
 -2.3918653e-02
  1.0208928e-03
  1.8717341e-02
 -3.7936188e-02
  4.9832027e-04
 -7.1538677e-03
  4.5042727e-03
 -1.5930159e-02
 -1.6305516e-02
  4.6795737e-03
  6.1172191e-03
 -1.9904848e-02
  4.3341680e-04
  2.9731877e-02
 -1.1980102e-02
  2.6463889e-02
  7.9617025e-03
 -2.3740064e-02
 -6.5553552e-03
 -7.8010815e-04
 -6.8974295e-03
  8.2787778e-03
  1.4092493e-02
 -5.8669583e-03
  2.8703553e-03
 -3.3472187e-03
 -1.3994954e-02
 -1.2804742e-02
  6.2096869e-03
 -9.3212994e-03
 -1.9485511e-02
  2.2229843e-02
 -1.2465469e-02
  3.7580547e-03
 -2.7363864e-03
 -6.5992558e-03
  1.9485492e-03
  1.9986214e-02
  2.3705564e-02
  4.6302932e-03
 -7.9282699e-03
 -1.2763494e-03
 -1.1311522e-02
  7.3727164e-03
 -7.2742105e-03
 -3.3040391e-03
 -1.2126701e-02
  1.5393875e-02
 -2.6691576e-02
  4.1247653e-03
 -4.3408573e-04
 -2.3708245e-02
 -3.8441684e-02
 -3.9892630e-03
  7.6760794e-03
 -2.9966557e-02
 -1.3162434e-02
  1.8975686e-02
  1.5584013e-01
 -9.6293390e-02
  3.0787071e-02
  2.5676055e-02
 -5.6545087e-03
  2.3297722e-02
 -1.7440684e+00
 -2.7429121e-05
 -3.3337694e-02
 -7.1252035e-03
  2.4574350e-03
 -2.0123461e-02
 -2.2517771e-02
 -9.0923568e-04
 -3.5730854e-02
 -1.2221693e-02
 -1.6372720e-02
 -4.1984627e-03
  1.3693888e+00
  9.2554567e-03
 -3.4441312e-03
 -1.3203449e-02
 -2.0112725e-02
 -1.4211155e-02
 -7.1391645e-03
  8.3505234e-04
 -3.6637457e-03
  5.5810317e-02
 -9.6352845e-03
  1.7020358e-02
  1.7345207e-02
 -1.6143200e+00
 -2.7357429e-02
 -1.0509359e-02
  1.8954016e-01
 -1.5475918e-02
  1.1992550e-02
  3.5914013e-01
  6.8506058e-03
  4.6280310e-03
  2.0443982e-02
  1.3303509e-03
  3.8428560e-03
  8.3744712e-04
 -1.5341380e-02
 -4.3978118e-03
 -3.5567353e-03
 -1.6569577e-02
 -4.5448309e-04
  8.0168219e-03
 -2.4224673e-03
  1.3597641e-02
  6.6756336e-03
  7.0571583e-03
  2.9650566e-04
  1.8283531e-02
 -8.2711084e-04
  1.5299796e-02
 -1.4249377e-03
 -2.0438444e-03
 -2.0345178e-02
 -2.2195603e-03
  4.6661124e-03
 -8.5670333e-03
  5.6109242e-03
 -4.9610254e-03
 -5.4746806e-03
  5.8112238e-03
  4.4033960e-03
 -1.5112038e-03
 -5.8425236e-03
 -4.8357911e-02
 -9.9431038e-01
  1.8371139e+00
  1.7170036e-02
 -5.5136514e-01
 -1.0523149e+00
  5.2223276e-02
  1.5202777e+00
  3.4557664e-01
  5.4323214e-01
  5.4633653e-01
  5.0349838e-01
  1.8821970e-02
  3.3454558e-01
 -2.8631695e-02
  1.4253813e-01
  4.0436373e-03
  9.3919539e-01
  2.8908885e+00
  2.4132153e-01
  1.7063421e+00
  1.9396012e-01
  3.8581124e-01
 -1.1197171e-01
  1.3137427e-01
  2.5907164e-03
  2.1758167e-01
  1.2984738e+00
 -8.4836096e-02
 -1.2194972e+00
 -5.9563193e-02
  9.8832078e-02
 -2.4041507e-01
  5.0896770e-01
  2.5526103e-01
  1.0751193e+00
  1.1410211e+00
 -1.4633259e+00
 -2.7501574e-01
 -6.3811406e-03
  1.6587324e-01
 -5.7580765e-02
 -4.2471713e-03
  3.0357437e-02
 -6.9145393e-03
  2.3531759e-01
  4.5096520e-02
 -6.4520001e-02
  3.7569597e-02
 -1.6264074e-01
  5.8368910e-02
  1.1943378e-01
 -2.0874435e-02
 -2.3055819e-01
  1.5200008e-01
  3.7302501e-03
 -5.0724661e-03
  2.7717337e-01
  1.2706835e-02
  2.1993937e-02
 -3.3639751e-03
  2.5192797e-02
  1.6561758e-02
 -1.8057158e-02
 -1.4150077e+00
  1.6506247e-02
  1.3043408e-02
 -1.1077011e-02
 -1.8666808e-02
 -6.8033375e-03
  2.1140313e-02
  2.9304095e-03
 -3.1782486e-03
  3.4734093e-02
  4.0449519e-03
 -1.0309146e-02
  1.0811068e-02
  7.2196815e-03
 -1.2643464e-03
  4.5736842e-03
 -3.3936672e-02
 -4.8741214e-02
 -5.1971758e-03
 -2.5746619e-02
  5.1832546e-02
  5.6312555e-03
 -2.8333096e-02
 -5.6887413e-03
  1.8701149e-02
  5.1299464e-03
  6.0265590e-03
 -5.5030766e-03
 -1.4127626e-02
 -3.3538949e-02
  1.1669276e-03
 -2.0660584e-01
  1.0451057e-02
 -1.0949451e-02
 -7.0160562e-03
 -2.2325655e-02
 -2.0259502e-03
 -2.4191577e-02
 -5.6165094e-03
  3.7329269e-04
 -1.4339163e-03
  5.3088050e-03
 -6.4904122e-03
 -3.5905372e-03
  3.2196420e-03
 -1.4848950e-02
  9.0282690e-03
 -7.1917783e-04
  6.2197214e-03
  6.2378473e-03
 -8.9505390e-04
  3.1149635e-02
  7.5716013e-03
 -1.0629864e-03
  2.2043917e-02
 -3.9281114e-03
 -2.8498830e-02
 -4.0562496e-02
  1.2568644e-02
  6.0638143e-03
  2.8227983e-04
  3.9256937e-03
  6.6504478e-03
  1.6031744e-02
 -5.8901025e-04
  1.6966125e-03
  2.6903452e-02
  5.3813579e-03
  1.2367679e-02
 -9.9894870e-03
  1.0827811e-01
 -3.3687450e-02
  1.0515526e-02
  3.4558105e-03
 -2.9114209e-02
  9.0778861e-03
  1.3787729e-02
 -7.9041785e-03
  1.6366395e-03
 -6.1729737e-03
  4.7668144e-01
  1.4822561e-02
 -1.6096089e-02
 -2.0585826e-03
 -1.0704529e-02
 -2.4451723e-03
  2.5771681e-02
 -1.7960463e-02
  1.1157414e-03
 -7.0141353e-02
  1.9985389e-02
  1.1756790e-02
  2.2104285e-03
 -1.8799862e-02
 -2.9492529e-02
 -2.7079994e-03
 -1.2827421e-03
  1.5224247e+00
  3.0776146e-03
 -6.2701502e-03
 -1.2344110e-02
  7.7853044e-03
  2.8367890e-03
 -1.4400712e+00
  1.9606456e-02
  2.0071603e-02
  9.5010744e-03
 -4.8841815e-02
  4.9876701e-03
 -1.2574977e-02
  1.4065869e-02
 -1.6879480e-03
  3.2071720e-03
 -6.2712645e-03
  4.2251004e-03
 -1.3142868e-02
  1.0146793e-02
  2.3063654e-02
 -4.2501669e-02
 -4.3667784e+00
 -7.8017721e-03
 -5.7883449e-03
  6.1891396e-03
 -3.6373923e-03
 -1.8129487e-01
  2.1061961e-02
  1.1642249e+00
  7.8842342e-03
 -6.6008726e-03
  1.4177760e-03
  1.7745807e-03
 -4.1482816e-03
  5.9030089e-04
 -1.9243333e-02
 -1.6557457e-02
 -1.4128621e-03
 -6.0953066e-04
  2.1451509e-03
  1.2446947e-02
  2.7345124e-01
  3.1632087e-03
  3.3579988e-03
 -4.2825174e-03
  1.0234257e-02
  2.0176435e-02
 -2.2218859e-02
  2.7583551e-02
 -5.5711097e-03
 -4.4854339e-02
  5.0002495e-03
  1.3153953e-02
  2.5529177e-03
  1.2075976e-02
 -1.1886804e-02
  5.9515014e-03
 -4.6340711e-03
  7.5533288e-03
 -5.1545680e-02
 -2.6273986e-03
 -1.9807842e-02
  3.4893961e-03
 -3.8334664e-02
 -2.1233546e-02
 -1.1104368e-02
  3.8289600e-03
 -9.0344111e-04
 -1.9066988e-02
 -2.1374229e-02
  3.1590726e-02
  6.1408454e-04
 -2.7785817e-01
 -8.5010789e-03
 -2.1515572e-02
  7.2389646e-03
  2.0065725e-02
 -6.9721858e-03
 -8.3648227e-03
 -2.5007050e-04
  9.2049083e-03
  6.4216822e-04
 -2.1815985e-02
 -3.7322398e-02
 -4.7540106e-03
 -1.1339472e-02
  5.1016971e-03
  7.3158522e-03
  4.0657665e-03
 -5.9160037e-04
 -2.1747325e-03
 -1.2652675e-02
  3.8785248e+00
 -2.1424793e-02
 -1.6279383e-02
  6.4138081e-03
  2.3765489e-03
 -9.8053776e-03
 -3.3764911e-03
 -2.2516852e-02
  2.7242687e-03
 -5.4447544e-03
  2.0375662e-03
  8.4446995e-03
  2.5529902e-02
 -1.0080964e-02
  4.7425274e-02
  1.2748858e-03
 -2.2590111e-03
  1.6357409e-03
 -1.3008644e-02
  2.3122635e-02
  5.6382654e-05
  9.8826945e-02
  1.2418912e-02
  6.5379590e-03
  3.0486959e-01
  4.1415296e-02
 -3.8170593e-03
  2.1809153e-03
  1.9025451e-02
  9.0311635e-03
 -1.7519817e-05
 -2.0536635e-02
  2.8683398e-02
 -1.0034353e-02
  3.0679782e-03
  6.6423595e-02
  3.5072162e-03
 -9.4633186e-03
 -7.5409305e-03
  2.9487046e-03
  2.2629598e-02
  1.0620594e-01
  1.0344090e-03
 -6.0797860e-03
 -1.3920557e-02
 -1.3480295e-02
  1.2415966e-02
 -3.0634051e-02
  1.1325812e-02
 -3.6551957e-03
  2.9239301e-03
 -1.1755758e-02
  9.3342783e-03
 -1.5429835e-03
 -2.9268144e-02
  4.6882615e-03
 -1.3354002e-02
 -7.6809876e-02
 -1.5415033e-04
  1.1817896e-02
 -9.2905797e-03
  7.5320485e-03
  9.6808681e-03
 -5.5300572e-04
 -2.0181404e-02
  2.8756829e-02
 -1.9465687e-04
  4.1412212e-02
  5.1018847e-03
  8.3046285e-03
  9.8022744e-03
 -9.7930765e-01
 -8.5051939e-02
 -2.9683228e+00
  8.6915242e-03
 -6.9612294e-02
  2.2223757e-01
  2.9007761e+00
  8.8199545e-03
 -7.4379988e-02
  2.2975426e-02
 -1.9366948e-01
  2.2805395e-02
 -1.4124252e+00
  1.2207626e+00
  7.0234680e-01
 -2.9612237e-01
 -9.1909611e-01
 -5.3058024e-02
  7.0101380e-01
 -1.8380266e+00
 -2.9817628e-02
 -8.2659161e-01
  2.6672751e-01
  1.5183808e-01
  3.9624810e-01
 -1.6579372e+00
 -2.4842498e-01
  2.1538045e-01
 -1.2525064e+00
 -4.3203264e-01
 -4.4765412e-03
  8.0086070e-01
 -7.5427622e-01
  7.4660487e-02
 -6.9694072e-01
 -6.5249465e-02
  2.0615332e-02
 -7.4764806e-01
  3.8675782e-03
 -3.9148152e-01
  1.1994886e+00
 -8.3824188e-01
 -1.3391757e-01
  4.8442665e-01
 -7.2494117e-03
  3.1758100e-02
  2.2359173e-01
 -1.8129572e-02
 -1.2121107e-01
 -3.0173108e-01
 -2.3186617e-02
 -4.4134073e-02
  1.8981373e-02
  3.1363010e-02
 -3.0229789e-01
 -1.3777370e-02
  4.1817475e-02
 -1.9016990e-01
  2.0191098e-02
  2.2144867e-03
 -1.7147441e-03
 -2.5519466e-03
 -4.0850062e-02
 -1.3477969e-03
  1.7576349e-01
  2.8192706e-03
 -1.4113962e-03
 -5.5042878e-03
 -1.6379489e-02
 -4.0587634e-03
 -3.2276809e-02
 -2.2391178e-02
 -5.8663678e-03
 -9.2099840e-03
  1.5496690e-02
  1.5785195e-02
 -1.0534224e-02
 -2.0492505e-02
  2.8457327e-03
 -1.9265652e-03
  2.4424123e-03
 -4.3631196e-03
 -1.5810039e-03
 -6.6555529e-03
  1.0759127e-03
  4.0943869e-03
 -5.3949845e-03
  4.0794626e-02
 -1.9706897e-03
  8.9000082e-03
  2.6300014e-04
  5.6031379e-03
  2.0514045e-02
  2.6837029e-04
  6.2781638e-03
  6.1996873e-03
  2.5456782e-02
  2.3382010e-03
 -1.4561121e-02
 -1.1800868e-02
 -3.8465415e-03
  1.7211791e-02
 -1.8461289e-02
 -7.0513873e-03
  8.2023432e-03
  4.3474801e-02
 -1.2759625e-02
 -2.1607814e-02
  3.1320297e-03
  6.5571815e-02
 -2.3079012e-03
  2.6099576e-02
  6.7658937e-01
 -5.4543591e-03
  1.4279314e-02
  8.8032950e-03
 -6.5350003e-04
  2.5233811e-02
 -1.5535267e-02
  2.7982064e-03
 -1.4165348e-03
  1.0843960e-02
 -3.1925406e-02
  9.6348850e-03
  2.7468943e-03
  4.3950107e-02
 -2.2747705e-03
 -1.2780684e-01
  8.2778949e-03
  3.6503851e-02
 -3.7942644e-02
 -8.7216645e-03
  4.1736230e-02
  2.7258086e-03
  2.9023984e-02
  5.7941768e-03
 -5.3814175e-03
 -4.7872577e-02
 -3.6498746e-03
 -4.4714116e-02
  2.4930178e-03
  5.4864306e-03
 -4.1599716e-03
  6.8179504e-03
 -6.5729106e-03
  2.6339623e-03
  2.1559700e-02
 -2.0522233e-04
  1.3672421e-02
 -1.3961880e-02
  5.9493072e-03
  2.4759714e-02
  4.4473495e-02
 -4.9626309e-02
 -3.0888392e-02
 -6.0132374e-03
 -8.1318850e-03
  6.6388631e-03
 -1.3141269e-02
  6.5002749e-03
  1.3260121e-02
  1.1893372e-02
  2.0737754e-01
  6.6324850e-03
  3.3558798e-03
  4.3876623e-03
  4.3185899e-01
  1.8840896e-02
  8.3629284e-03
 -3.3593411e-03
 -4.5783809e-04
  3.0575041e-03
 -1.0512228e-02
 -1.1967312e-02
  9.7768661e-03
  1.2110792e-02
 -1.8811914e-03
 -2.4290774e-03
  3.5241777e-01
 -5.7660706e-02
  2.1083914e-02
  4.9369605e-03
  1.8657194e-03
 -1.6764093e-02
 -2.8237388e-03
  1.2178996e-02
  5.8906991e-03
  2.1487193e-02
 -4.4964638e-02
  2.3693256e-03
 -2.3821092e-03
  2.1758113e-02
 -2.2580994e-03
  4.6396308e-04
 -2.2897860e-02
 -1.3040021e-02
 -1.3498722e-03
 -1.9758573e-02
 -1.2467580e-04
  3.8657989e-03
  1.1641382e-03
 -4.2820774e-02
 -2.4505101e-02
 -5.1558483e-04
  4.6426263e-03
 -3.4702031e-03
 -1.4991944e-03
  1.8660720e-02
 -4.5223050e-02
 -1.7562510e-02
  1.6583597e-02
  1.8665361e-01
 -1.9375339e-02
  4.0640091e-03
  8.2229320e-03
 -1.3116882e-02
  1.4483003e-01
 -2.1497961e-03
  6.1743575e-01
 -1.1452466e-02
  2.7846295e-01
 -1.5590402e-03
  1.8412400e-03
 -2.2199100e-02
 -6.7139878e-03
  1.4463122e-02
 -1.1963097e-02
 -3.3796588e-03
  4.6030278e-03
 -1.8560189e-03
  3.8948383e-02
 -5.9655988e-05
 -7.0713265e-03
 -6.3380748e-03
  1.7516047e-03
  3.7082070e-03
 -1.6981332e-02
 -4.5144159e-02
 -8.4130168e-03
 -8.9210616e-03
  3.1513252e+00
 -3.6176522e-03
 -2.6555348e-03
  8.2458844e-03
  1.2051391e-02
  3.1173313e-02
 -7.1272510e-03
 -1.7444155e-03
  6.2134280e-03
  1.0758583e-02
 -7.9998216e-03
  2.0402130e-02
 -1.2569151e-02
  4.7931697e-02
 -8.8888025e-03
 -1.5356596e-02
 -1.3471820e-02
  2.6868636e-02
  2.0347212e-03
  7.3134629e-03
 -1.0195875e-02
  3.4292337e-02
 -4.3627131e-03
 -6.5470650e-03
  2.6694469e-03
  3.4329097e-03
 -1.6984053e-02
 -3.5093175e-03
 -5.4652229e-02
  1.1997163e-02
  1.5677180e-02
  2.4282211e-03
  2.9451081e-03
  1.6214447e-03
 -1.5519325e-01
 -1.2379894e-02
  5.9236693e-03
 -1.7165046e-02
 -1.1084120e-02
  5.9432555e-03
 -3.4156311e-04
 -2.9050505e-02
  5.7641715e-03
 -2.4151464e-03
 -1.8070792e-03
 -1.2186022e-02
 -2.0051482e-01
 -3.1331312e-02
 -3.9392665e-02
  1.0551578e-02
 -2.1658123e-03
 -4.8390575e-02
 -6.6674463e-02
  4.9214348e-02
  1.5064554e-02
  1.1354866e-02
 -9.8549062e-04
  1.4512191e-03
  3.8960197e-03
 -1.2338178e-03
  2.5211472e-02
 -3.0570069e-02
 -7.7010854e-03
  7.0834029e-03
 -7.3112239e-04
 -3.5580292e-01
 -4.2118222e-02
  5.9370317e-02
  1.2318917e-03
 -3.4213567e-04
  5.6314175e-03
  5.6762346e-03
 -5.8748829e-03
  4.5545839e-04
 -5.3654201e-02
 -2.1334231e-02
  2.2381751e-01
 -9.4265811e-02
 -1.8568503e-02
  2.9471820e-02
 -6.7746192e-03
  3.7057151e-03
  4.7548179e-02
  3.3604607e-02
  4.2680134e-03
  7.7287626e-04
 -1.7312184e-02
 -1.2907269e-02
 -5.6230824e-02
  3.8201423e-04
  1.1429424e-02
  1.5932968e-02
  1.1045932e-02
 -1.8511051e-03
 -2.0536820e-03
  8.8005036e-04
  2.8440436e-02
  5.9887558e-02
 -1.0798380e-02
  1.4855371e-02
 -5.3543798e-03
 -5.7958281e-03
 -3.4792270e-03
  2.2368501e-03
 -3.6627416e-02
  2.9170007e-02
 -2.0470038e-02
 -2.9213824e-03
 -5.2658625e-02
 -3.5389834e-03
 -3.0952811e-03
  9.1658840e-03
  2.0940551e-03
  5.5249766e-03
 -1.2772677e-02
 -3.0876452e-02
  2.7372870e-03
  7.2214492e-03
 -7.9496886e-04
 -3.5191465e-02
 -2.9554671e-02
 -7.1461365e-04
 -3.7400998e-02
 -2.6385235e-03
 -9.9815885e-03
 -6.0101730e-01
  7.7069076e-03
  3.1294434e-03
 -1.1623590e-02
 -1.5841988e-03
 -8.7279277e-03
  6.8795625e-03
 -1.2230031e-01
 -7.3686504e-04
 -2.3333939e-02
 -7.3922081e-03
  3.4276007e-03
  1.7028641e-03
 -2.3644160e-02
 -3.6681080e-03
  7.4241194e-05
 -6.0954086e-02
 -2.9106691e-01
  7.5578163e-03
  4.8324306e-02
 -1.2991952e-02
  7.1664405e-01
  2.3284469e-02
 -2.4903787e-03
  1.4054052e-02
  4.8673000e-02
 -4.2315610e-02
  5.3662014e-01
  2.3135293e-02
  2.0599883e-02
 -8.9616403e-03
 -1.5382186e-02
  5.5263436e-01
 -4.9397261e-03
  9.3280640e-04
  1.0501331e+00
 -1.1091331e-02
 -1.1214598e-02
 -7.0915068e-03
 -7.7625968e-02
 -5.0871789e-02
 -2.0330958e-02
  8.3497148e-03
 -1.5977692e-02
 -1.2811569e-02
 -6.2055767e-01
 -1.8525690e-02
  9.3886293e-02
 -3.2274709e-03
 -7.2943037e-03
 -7.3718391e-02
 -2.3261365e-02
  3.2347098e-02
  4.6330638e-02
 -5.5631918e-01
  1.1580140e-02
 -2.6509513e-03
 -3.0103758e-02
  4.7931608e-04
  2.3675743e-03
 -3.6825780e-02
  1.4156036e-02
  5.8829254e-03
  1.2078452e-02
 -1.9890333e-02
 -2.8432675e-03
  1.1689700e-03
  3.9008544e-03
  2.2598235e-02
 -1.0661270e-02
 -6.4572290e-02
 -5.6119687e-03
  3.4763388e-02
 -2.8575337e-02
  3.0849084e-02
 -7.1568780e-02
 -1.4344194e-02
 -5.7583056e-02
  1.2508313e-02
 -2.2023322e-02
  1.7899429e-02
 -7.1691740e-03
  1.2847590e-01
  7.2594602e-03
  1.1504140e-03
  2.7006283e-02
  2.1774562e-03
  5.9650573e-03
  2.0581195e+00
 -7.1444712e-03
 -3.8247731e-02
  3.2482255e-02
  2.5180366e-02
  5.6358527e-02
 -5.5435013e-02
  2.7842017e-02
 -1.4406783e-03
  2.9645243e-03
  3.9136288e-04
 -7.9971375e-03
  4.3878891e-03
  1.3546546e-02
  2.3840185e-02
 -9.0367999e-03
 -2.1799302e-02
  2.7537799e-02
  3.4445465e-01
 -1.6932064e-01
 -3.1080555e-02
  1.5538861e-02
 -2.6251026e-03
  6.7537623e-03
  3.1697578e-04
 -1.3033057e-02
  3.4626704e-02
  3.2682924e-03
 -1.6457360e-03
 -1.8590607e-02
  1.1555968e-02
 -1.1393377e-02
  5.0081410e-02
 -5.3128034e-01
  5.0013825e-02
 -9.7341754e-04
  1.1711976e-02
  3.4574009e-03
  6.7631579e-03
 -1.6479312e-02
  2.1179171e-02
  4.3860720e-03
  2.2949334e-02
  1.7645495e-03
  4.3388080e-02
  2.1532297e-02
 -1.0077910e-02
 -4.5180512e-03
 -1.1800359e-02
  5.5154536e-02
  1.2363381e-02
  8.7229479e-03
  1.2065343e-02
  1.3744446e-02
 -5.4203277e-03
  2.4253627e-02
  5.7345117e-03
  1.3896368e-02
 -1.4926905e-03
  4.8293653e-03
  8.6691109e-03
 -1.6915321e-02
  1.6934643e-04
 -1.5487868e-02
 -3.4834057e-02
 -3.6594253e-03
 -1.7293268e-03
 -9.0606017e-03
 -7.0769680e-03
  6.1874529e-03
  2.6661087e-02
 -2.9138912e-02
  3.4558602e-02
  6.3882028e-03
  1.2726814e-02
 -2.0581298e-02
  1.3347768e-02
  8.2159699e-05
 -3.4990704e-01
 -2.9299345e-02
  1.7495070e-02
  5.3742290e-02
 -2.1125919e-03
 -1.3095389e-02
 -5.4498664e-03
 -4.6178311e-02
  2.8661145e-02
  6.3185841e-01
  3.2322210e-01
 -1.9797890e+00
 -5.6683596e-02
  1.7910068e+00
  9.4902366e-01
 -9.1773736e-01
  1.3525699e-01
 -4.4833779e+00
  3.5267344e-01
 -7.6133156e-01
 -1.4472279e-01
 -1.6193919e-01
  1.2858987e+00
 -1.5312669e-01
 -1.9703457e-01
 -1.4450992e+00
  1.0879285e-02
  5.7055380e-02
 -2.8093417e+00
 -7.3387343e-01
  6.3678533e-01
  6.3457161e-01
 -1.1315706e+00
 -1.9622906e+00
  1.3976248e-01
  8.9144856e-03
  7.2951430e-01
 -2.9204316e+00
 -2.1617557e-01
  2.5028482e-01
  6.8127148e-02
 -1.9002995e+00
 -1.8994135e-01
 -4.2889848e-01
 -5.1865723e-02
  7.4993503e-01
 -1.5150288e+00
  6.7006224e-01
 -1.7997373e-02
  9.2464410e-02
 -8.0693877e-01
 -1.2411721e-01
  1.3386765e-01
 -4.1076113e-03
  3.7383011e-01
  1.6741028e-01
 -1.8293560e-02
 -4.5098688e-02
  2.0855321e-01
 -1.9338959e-01
 -2.5086731e-02
 -2.3550091e-02
  2.4430279e-02
 -5.1976439e-02
  2.0029432e-01
 -6.9206237e-04
  1.0434764e-02
  1.6232499e-01
 -1.1119852e-02
 -4.8616406e-02
  2.0928061e-02
  9.6866349e-03
 -8.4298678e-02
 -2.5812326e-02
  8.4128830e-04
  1.4828637e-02
  2.7569728e-03
  1.0973821e-02
 -8.0239802e-04
  3.1431738e-02
 -3.1592725e-03
  2.5022229e-02
  9.8938439e-03
 -1.3958011e-02
  2.8605510e-03
  1.7697656e-01
  4.0227533e-03
 -1.0305289e-03
 -6.8732877e-03
 -8.0340337e-03
  1.8427895e-04
 -1.1634151e-02
  8.8426173e-03
 -1.3605222e-02
  1.2725914e-02
  9.3387803e-03
  1.7490068e-02
  6.0284133e-03
  5.5214096e-02
 -6.3695484e-03
  1.4574593e-02
  5.8324132e-03
  2.2962014e-03
 -4.7641681e-03
 -7.9176417e-03
 -6.0794578e-04
  2.9784720e-03
  4.4601735e-02
 -5.0732628e-03
  4.7775786e-04
 -1.0694449e-02
 -2.6045347e-02
 -5.5298824e-03
  3.1827927e-02
 -6.7764306e-03
 -1.3695107e-02
 -5.2619283e-03
  4.3638548e-01
  3.2872667e+00
 -8.6530501e-01
  2.1552663e+00
 -3.4063238e-01
 -3.3788584e-02
  1.8738202e+00
  1.6919408e+00
 -3.0362957e+00
  4.4461247e-01
 -7.7441186e-01
 -4.2995638e-03
  1.1120663e-02
  6.1036921e-01
  3.2983777e-01
  3.0878671e-02
  8.5239714e-01
  1.4178468e-01
 -1.2149888e+00
 -1.4736950e+00
 -1.2608471e+00
 -7.2420098e-02
  1.5635558e+00
  1.3840761e+00
  9.6566594e-01
 -6.1867263e-02
  9.7904015e-01
  1.3970098e+00
 -1.0331804e+00
 -1.4683132e+00
  2.0761194e-02
  3.0226022e-01
  1.6732559e+00
  1.1286950e+00
 -1.1711171e+00
  1.4317971e+00
  2.2148559e+00
 -6.8320030e-01
  4.4168297e-02
  2.9520804e-04
  4.9185961e-01
  1.1408985e-01
  5.8202577e-01
 -1.7411885e+00
  8.5262172e-02
  9.6018666e-01
 -8.6624265e-01
 -3.0481508e-01
  1.6790965e-03
 -1.2021023e-03
 -3.3136930e-02
 -2.7087530e-01
  1.7216939e-01
  3.1651492e-04
 -5.0771171e-03
 -3.7337292e-02
  4.6890709e-03
  2.9386694e-03
  7.7471405e-02
  2.1967554e-02
  6.3343975e-03
 -1.7430263e+00
 -3.0725779e-02
  1.3218577e-02
 -1.2478224e+00
 -4.1236342e-03
  3.5409969e-03
  8.1941612e-02
  1.3537016e-03
  3.3984359e-02
 -3.3447857e-03
  5.8645260e-04
  1.2652210e-02
 -1.3608191e-02
  9.7204745e-03
  4.6466948e-03
  4.0397290e-03
  5.3535408e-04
  2.1703700e-05
 -2.6059922e-02
  2.5201621e-03
  3.6528807e-02
  2.3544639e-02
  1.3326664e-02
 -5.8042700e-03
  2.1008741e-02
 -1.2638373e-02
  1.2913106e-03
 -9.9166401e-04
 -1.5332246e-03
  1.5199028e-02
 -3.7656326e-03
  5.4486515e-03
  1.3874100e-03
  1.4168073e-03
 -9.2921413e-02
  1.4809797e-02
  1.5431980e-02
  1.5432108e-03
  2.8061472e-02
  1.5406521e-03
 -5.3896308e-03
 -1.1967703e-04
  2.3274843e-03
  2.4084382e-02
  1.4199025e-02
  2.5330558e-03
  1.4104404e-02
 -1.8302822e-01
 -4.3474159e-01
  3.1056369e-02
 -2.1870505e-02
 -6.5884016e-02
  1.4949626e-01
  4.8584543e-02
 -4.5199847e-01
 -1.7664157e-01
 -1.4241736e+00
  2.0630412e+00
 -3.4329265e-02
 -6.1249846e-01
 -1.6987613e-01
 -2.6045048e-01
 -1.5273155e-02
  6.2053587e-04
  2.3976760e+00
  1.5337969e+00
 -1.0308765e+00
  3.5051581e-02
  2.4251007e-01
  2.6293424e-01
  1.6292642e-03
 -1.8181803e-02
 -2.1009101e-02
  6.6625696e-01
  5.3721672e-01
  3.6209249e-03
  6.6309609e-04
  6.2453711e-01
 -9.9964906e-03
 -3.6996862e-01
  1.9963540e-02
  1.4669526e+00
 -1.8440562e-01
 -1.6973704e-02
 -5.9844799e-02
  2.6596334e+00
 -7.8640552e-03
 -2.1485858e-02
  1.6836075e-01
 -3.2943723e-01
 -4.9689920e-03
  3.3119388e-02
  1.0425935e-01
 -1.3048147e-01
 -1.0062881e+00
  8.7398328e-02
  2.8507099e-01
 -3.8579348e-02
  3.7554604e-01
 -7.1931700e-03
 -3.4690254e+00
  2.2597561e+00
 -4.1642608e-03
 -7.1161037e-04
 -5.9675995e-02
 -2.2454225e-02
 -2.8482226e-01
  4.3389914e-03
 -5.0346911e-01
  1.2137420e-02
 -7.9285932e-01
 -7.6158866e-02
  7.1728509e-04
  7.0126512e-04
  1.1781334e-02
 -3.0654830e-01
  8.0315143e-02
 -1.4477768e+00
  2.5148344e+00
  7.0250761e-03
 -7.1138660e-03
  1.2575675e+00
 -7.8589760e-02
  3.2636195e-01
  3.4375438e-01
  7.9333222e-01
 -8.8396268e-03
  4.9875663e-03
  2.6890365e-03
  1.1115821e-01
 -2.3642821e+00
 -9.2889341e-03
  2.5900572e-03
 -9.7949747e-03
  2.7367314e-02
  4.3160781e-01
 -4.2384625e-03
  4.6382835e-03
  5.9175748e-01
 -3.1155571e-02
  2.9258572e-02
  2.0418693e-03
 -1.3246609e+00
 -2.5635272e-01
 -3.2339990e-04
  1.4787128e-04
  4.7971052e-03
  2.7199256e+00
  7.5879127e-02
 -1.6159831e-01
  6.0582054e-01
 -5.8845719e-03
 -1.2802856e-02
  1.5131686e+00
  8.4783453e-03
 -9.7327715e-01
  8.4784301e-03
 -1.3195334e-02
 -7.6637475e-04
  8.4504075e-03
  1.1417276e-01
  2.6401402e-02
 -1.3176250e-01
 -3.9275706e-01
  7.7756226e-01
 -5.1939815e-01
  2.2793781e-02
 -3.0206218e-01
 -4.8893175e-01
  1.5176830e-02
  1.0364818e-04
 -2.5784966e-01
  1.9494395e-01
  2.5455812e-01
  1.0305902e+00
 -1.4484674e-01
 -3.7679970e-01
 -1.0980456e+00
  5.0103225e-02
 -6.8319649e-01
 -7.5421602e-01
 -5.1043153e-01
 -4.8725945e-03
  1.9569979e-03
  3.2177559e-01
  6.9399840e-01
 -9.7895014e-01
  4.4409342e-02
 -8.3708078e-02
  3.8118771e-01
 -1.1890948e-02
  4.7430634e-03
  2.2416843e-01
  3.2091072e-01
  1.9216248e-01
 -3.4181632e-02
  1.1783043e-01
 -1.7812461e-02
 -4.2121403e-02
  1.9942644e-01
  7.1387962e-02
  7.5661832e-01
  3.4544277e-01
  5.0979502e-02
  8.2949591e-01
  3.1676838e-01
  1.4334236e-01
 -1.0746020e-01
  3.3618945e-01
  5.1830184e-02
 -3.2122040e-01
  8.9942470e-02
 -6.9146946e-02
  1.8079242e+00
  4.3958429e-01
  5.8172446e-01
  5.7842541e-01
 -8.3081180e-01
  4.4049323e-01
  1.1943524e-01
 -7.0300478e-01
  4.1507319e-01
 -2.7816060e-01
 -8.8714520e-03
  5.0392818e-01
 -2.0115875e-02
 -1.2622546e-01
  2.2708301e-01
 -2.5117379e-01
 -2.7198830e-01
 -1.0252171e+00
 -1.6680552e-01
 -2.5650907e-01
 -1.8853901e-01
 -2.0464855e-01
  3.0488926e-01
  2.4870802e-01
 -5.5234939e-01
 -3.2484442e-02
  1.0322129e-03
 -2.4869877e-01
 -8.6485572e-02
 -2.2177130e-04
  2.1605846e-02
  2.9201689e-01
  9.3521512e-01
 -4.2473376e-03
 -1.0336606e-01
  3.0471120e-02
 -4.7474757e-02
 -5.8068889e-01
  3.4105768e-03
  5.4206449e-01
 -1.2901779e-01
  9.1440892e-03
  3.4827363e-01
 -1.0351451e-01
  1.5775315e-02
 -2.9996806e-01
 -3.3922814e-02
  6.9154702e-02
  1.3406193e-01
 -5.3030580e-01
  5.3544391e-02
 -1.7568476e-01
  3.3506956e-02
 -3.6222760e-02
  5.9488451e-01
 -4.3562628e-02
  2.1457337e-02
 -7.4975595e-02
 -2.3777684e-02
  9.4573222e-02
  2.2896159e+00
 -4.9719375e-02
  2.0224230e-01
  9.3538510e-03
  9.3928101e-03
  2.1579996e-02
 -6.7179255e-02
 -1.9635127e-01
  6.1732564e-02
  1.2502181e-02
  2.0145538e+00
  3.2077673e-01
  8.6305809e-01
 -1.3625377e-01
  3.8167722e+00
 -2.1299596e+00
 -1.6636553e+00
  2.3366110e+00
 -8.7577099e-01
  7.0251301e-02
  3.0763876e-01
  1.3348355e+00
  2.9621622e-01
  1.2155645e+00
  1.4625075e-01
  7.3317140e-02
 -7.7568896e-02
 -3.6607802e-02
  1.0197080e+00
 -4.4623684e-02
  3.5353009e-02
  9.3931548e-02
  2.5146008e-01
 -2.0951726e-03
 -3.2541284e-01
 -3.2524101e-03
  1.6754869e-02
  8.4191663e-03
 -2.1536380e-02
 -2.6139956e-02
 -3.5034768e-02
  2.3217913e-02
  1.7649978e-02
 -3.4479037e-01
  2.0425569e-02
 -3.0606794e-03
  1.5812626e-02
 -1.0174675e-02
 -1.1279722e-01
 -1.1385255e-03
 -1.0343978e+00
 -6.6850701e-04
 -9.8194219e-03
 -3.3776209e-02
  1.9995481e-01
 -2.2756806e-02
  2.0038566e-02
  8.7062037e-04
  1.5140042e-01
  1.1072598e-02
 -4.6526143e-01
 -3.0448524e-02
  1.2451122e-02
  4.3896280e-02
  2.8326244e-03
 -4.8921127e-03
 -6.3429209e-03
 -1.0889437e-02
  4.6775723e-03
 -1.5020575e-02
 -1.3488608e-02
  1.4981528e-02
  8.3910059e-03
  4.5061186e-02
  1.1588236e-02
  2.4865218e-02
 -3.8274401e-03
 -1.5173792e-02
  1.9727780e-02
 -3.0507284e-01
  1.3474874e+00
 -4.5917865e-02
  2.2450697e-02
  1.6646771e-03
 -1.3950329e-02
 -1.3291937e-02
  2.4508983e-01
  4.9962614e-02
 -6.3533084e-03
 -1.0465792e-02
  7.0241927e-03
  1.3958240e-02
  1.7895766e-04
 -1.2623428e-02
 -2.2315269e-02
 -3.7989415e-02
 -2.6479766e-03
 -2.7719883e-02
  1.4795241e-03
 -6.6343849e-03
 -5.1532011e-04
  1.2647077e-02
  1.3283420e-02
  3.1557359e-02
 -1.1118758e-02
 -6.8511809e-03
 -3.4808526e-03
 -3.0359074e-02
 -4.7095895e-02
  1.5570157e-02
 -1.2461512e-02
 -9.0705734e-03
  1.6810513e-03
  2.5848006e-03
  1.9923586e-02
 -2.6976515e-03
  2.3945408e-02
  1.4027556e-03
  3.3170220e-02
  8.8181766e-03
 -2.9940468e-03
  1.8314494e-02
  4.8590016e-01
 -2.0217121e+00
 -1.6556816e+00
 -7.2922933e-01
  1.5678653e-01
  2.0427248e+00
  1.4229136e+00
 -6.3182557e-01
 -5.6096327e-01
 -8.5905397e-01
  1.0487504e-01
 -8.9060616e-01
  1.2857746e+00
  2.8602824e-02
 -8.6752790e-01
  7.8210306e-01
 -5.2799962e-02
  1.8833218e-02
  1.0829426e-01
  5.9405124e-01
  4.6988294e-01
 -1.4936543e-01
  5.1897061e-01
 -2.1929587e-01
  1.0753303e-01
 -2.8972873e-01
  7.4980456e-01
 -2.8260869e-01
  1.0724393e+00
  6.0289687e-01
  2.8857476e-01
  5.3174174e-01
  1.7193165e-01
 -1.0692805e-02
  5.6085270e-03
  9.7093034e-01
  1.3083807e-01
 -1.4824297e-01
 -3.2821971e-01
  4.7257674e-01
  1.4754455e-01
  2.4248185e-02
 -2.6862302e-01
  1.0735315e-01
  1.3368554e+00
  5.1787747e-03
 -4.1452620e-02
 -6.2628871e-01
  2.2497904e-01
  3.2717399e-02
  3.3438054e-01
 -3.4381896e-02
 -4.8826441e-02
 -4.4444464e-02
 -5.2347048e-03
  1.7862659e-02
  9.6768672e-03
 -5.1822634e-03
  1.7140413e-02
  3.8638683e-03
 -4.5063972e-04
  5.1516644e-03
 -1.2472539e-02
  9.3434863e-03
  1.3793658e-02
  6.7836214e-03
 -2.8814273e-02
 -4.8124578e-02
 -3.3353968e-03
 -4.4237726e-04
 -2.3844279e-02
  2.5965489e-02
  6.9921586e-04
  4.2572841e-02
 -1.5336582e-02
 -7.7154236e-03
  8.7099038e-03
  1.1126599e-03
 -6.2038833e-03
 -8.7549333e-03
 -1.2429115e-02
  1.3778380e-02
 -2.1484856e-02
 -9.6494155e-03
  1.4885238e-03
  4.3735332e-03
  3.6284304e-03
 -5.4158363e-03
 -2.6182391e-02
 -4.3110307e-03
  1.4412060e-02
  4.7332617e-03
  2.1673061e-02
 -3.0289092e-03
 -1.3775114e-04
  1.4389578e-03
  5.6533315e-03
 -4.3972577e-03
 -6.4954120e-03
  2.6714797e-03
 -1.2116605e-02
  4.7494825e-03
  7.6651848e-03
 -1.0806858e-04
  5.3398505e-02
  6.2574078e-03
  1.0028234e-02
 -2.6227469e-03
 -9.5521137e-02
  5.4517394e-01
  6.4912367e-01
 -5.4931324e-02
  7.5702268e-01
 -7.0342787e-02
 -2.3843132e-01
  2.5181016e-01
  5.2707052e-01
 -1.3494460e-01
 -2.5979232e-02
 -2.3382437e-01
  3.2810390e-02
 -3.7954565e-02
 -1.7122938e-01
 -7.8107705e-03
 -2.7794598e-02
  2.3836326e-03
 -6.2067188e-02
 -1.1198926e-01
 -3.4494845e-03
  9.8374382e-02
 -6.0602613e-02
 -1.0396785e-02
 -7.2358223e-03
 -4.7193132e-02
 -1.0028703e-01
  3.0636951e-02
 -2.1691036e-01
  3.0923173e-01
 -1.5144417e-02
 -1.3383527e-01
 -5.8026168e-02
  1.2137951e-02
 -6.0502119e-02
 -3.0065098e-01
 -1.7154763e-02
  9.4131917e-02
 -1.0270759e-02
 -3.6167011e-03
 -2.0733991e-01
  1.3625389e+00
  5.3951740e-01
  2.9537784e-02
  8.9470819e-03
 -1.2141260e-02
 -5.2652312e-03
 -5.9780004e-03
  1.9922329e-03
  5.3368439e-03
 -2.2153316e-01
 -1.9480993e-01
  8.5493244e-02
 -9.7849714e-03
 -1.3007307e-02
  1.9174004e-03
  5.3879074e-03
 -2.4018915e-02
 -4.8546176e-03
  4.9152844e-02
  2.4087796e-02
 -6.0640433e-04
  1.7987296e-02
 -1.2408760e-02
 -4.3553868e-03
  2.9094503e-03
 -1.5525629e-02
  2.7078353e-02
  6.4765280e-03
 -1.0858360e-02
 -4.0614526e-03
 -1.7653562e-02
 -8.9522358e-03
  4.7160674e-02
  3.0474706e-02
  2.6518521e-01
  1.9136187e-02
  2.7057862e-02
 -1.5377240e-03
 -1.0150962e-04
 -6.4038760e-03
  7.7209477e-03
 -3.0737622e-02
 -6.0512211e-05
 -3.6078897e-01
 -4.0784986e-03
  3.4997810e-02
 -2.2603942e-03
  1.1007654e-02
 -1.4485490e-02
 -2.2763636e-02
  6.9318525e-03
  1.9149374e-03
 -4.0417641e-02
  8.2812691e-03
 -1.3842030e-03
 -4.8355279e-03
  1.0492013e-02
  7.3320903e-03
  3.1511571e-02
  1.0696723e-02
 -1.0295021e-02
 -1.8987115e-02
 -3.3448022e-02
 -2.1411208e-03
  6.5161707e-04
  4.0812083e-03
  5.6390236e-03
  1.4387477e-02
  6.5473646e-01
 -2.6981676e-02
  2.3151822e-02
 -1.6375959e-02
 -3.4284871e-02
 -2.1962529e-02
 -6.4138463e-04
  2.4137611e-02
  7.8879194e-03
 -2.0462885e-03
  6.0731433e-03
 -4.6275938e-03
  5.6390637e-03
  5.6690983e-03
 -9.7079398e-03
 -3.2532506e-02
  2.5921268e-03
 -2.6282053e-03
 -9.2975153e-03
  5.0957743e-03
 -6.7622839e-03
  1.6385952e-02
  1.4246602e-01
  3.1782947e-02
 -9.5464960e-03
 -3.4606393e-02
  3.3771973e-02
  1.6479092e-02
  2.3497475e-02
 -7.2916562e-04
 -4.4202707e-03
  1.1426942e-02
 -1.2374580e-02
 -3.0641092e-03
  1.2280323e-02
  1.0052025e-02
 -2.0701548e-02
 -5.9908344e-03
 -1.0220687e-02
  2.5885981e-02
 -1.4877615e-02
  1.5532193e-02
  4.9885972e-03
  2.5932664e-01
 -2.7734083e-03
  1.8118400e-02
 -1.3800303e-02
 -1.6914263e-02
  9.4291139e-03
  2.0063842e-02
 -2.7851386e-02
 -2.1699687e-02
 -1.4692588e-02
  4.4312216e-02
  1.8196633e+00
 -3.4263638e-01
 -1.0646269e-01
 -1.1992367e-01
  4.3314729e-02
 -1.8426983e-02
 -1.0528243e-01
 -2.5030681e-01
  1.3127904e-01
  7.7426299e-02
  6.0795420e-01
 -4.1174763e-01
 -7.1305926e-03
  3.4513302e-02
 -3.8064171e-02
 -4.7880724e-01
 -8.1243046e-02
  6.0201250e-02
  1.2475642e-01
 -2.8671930e-02
 -2.9048333e-02
  4.3364343e-01
 -4.0649530e-02
 -6.5063476e-03
 -1.8633835e-01
 -3.9452001e-02
 -2.5038052e-01
 -1.1010616e-03
  4.4669501e-02
  1.6542614e-02
  3.2940365e-02
 -4.2304009e-02
  3.0296996e-01
 -3.3164329e-03
  3.1680021e-01
  2.9644623e-02
  8.6326785e-02
 -1.3843568e-02
 -2.2076622e-01
 -9.6400076e-01
  1.5097630e-04
 -1.2597862e-01
  4.1222221e-01
  9.6293829e-02
 -9.9331019e-03
 -4.7904388e-03
 -3.2477919e-02
  4.6523757e-02
  2.5241565e-02
  3.0065257e-02
  3.4367559e-03
  5.0135828e-03
 -9.8292921e-03
 -3.7628297e-02
  6.6578542e-03
  6.8328145e-04
 -5.3690537e-03
  6.3424543e-03
  5.4829996e-03
 -3.1573591e-03
  1.6883207e-02
 -2.0034803e-02
 -3.7039068e-02
 -1.3176166e-02
 -3.5797278e-03
  2.3980439e-03
  1.9633533e-03
 -8.9979926e-03
  1.6395388e-02
 -7.3537910e-03
  5.7439346e-02
  1.5729362e-02
 -1.9612254e-03
 -2.4765809e-03
  1.4313895e-02
  1.1994034e-02
  1.3431406e-01
 -4.6703000e-02
  1.6988995e-02
 -2.8820988e-02
  1.7427221e-02
  1.1966691e-02
 -2.9857666e-03
  4.9504740e-03
 -8.1162797e-03
  8.7919185e-04
  1.1130883e-02
  8.9492407e-03
 -4.7031745e-02
  1.4472718e-02
 -1.6550435e-02
 -3.8602294e-03
  5.4385915e-04
 -1.3701152e-03
  5.9049726e-03
 -4.0168362e-03
 -1.7027076e-03
 -1.7370582e-03
 -6.1445073e-03
 -7.3768124e-03
 -1.0424189e-02
 -5.1763146e-03
 -1.2063027e-02
 -1.5561920e-02
 -6.0195834e-03
 -5.9676487e-03
 -1.5166360e-02
  1.2825179e-02
  1.6888259e-02
 -2.8495863e-01
  1.4259052e-02
  1.8377088e-02
 -5.2103586e-03
  1.0179423e-02
 -6.4445767e-03
 -8.9703305e-03
  7.9986370e-01
  1.4518921e-01
  1.4715943e-02
 -3.5290231e-03
  1.7803663e-03
  1.2558472e-02
  3.2519116e-03
 -9.1640344e-03
  4.3489593e-03
  2.8430722e-03
  3.4772847e-02
 -1.2426750e-01
 -9.3589932e-02
  1.0062325e-02
  7.9673622e-03
  4.3375851e-03
  4.1329931e-03
 -1.7767239e-02
  1.5116932e-03
 -3.1414996e-03
  6.2217740e-03
 -1.5187942e-02
  1.5111241e-02
 -6.7514968e-03
  2.4154747e-03
  4.9389936e-02
  1.5193501e-02
 -3.3539969e-02
 -1.8561546e-02
  2.3850459e-03
 -4.1956091e-03
  1.2457502e-03
 -1.0474303e-02
 -4.6702202e-02
 -4.7215982e-03
  1.5081966e-03
 -4.2929139e+00
 -2.1136301e-02
  6.3128566e-04
  2.1784365e-02
  3.5818480e-03
 -3.9137872e-03
  6.5924297e-03
 -2.7871663e-02
 -2.6005188e-03
  1.1928146e-03
  5.9956857e-03
  5.2786592e-02
  3.5075031e-02
  2.9455829e-02
  4.1725948e-02
  6.9661941e-03
  1.8305163e-04
  6.2382773e-02
 -1.5263400e-02
  2.0934639e-02
 -7.9610087e-03
  1.1786399e-02
 -7.3466008e-03
  2.6353889e-03
 -3.2257650e-02
 -2.5805347e-02
  9.0805441e-03
 -3.2325252e-03
  1.2017891e-02
  3.0887712e-02
  1.1299947e-02
  7.6177454e-01
 -1.7614266e-02
 -2.9055597e-03
  1.2643945e-02
 -7.7114939e-03
 -3.1958777e-02
 -5.7462655e-02
  1.8825177e-02
  1.0423430e-02
  1.4191111e-02
 -1.7148700e-02
  6.9619618e-02
 -4.3416009e-03
 -4.1474547e-02
  1.8008551e-02
  2.2206267e-02
 -9.9454672e-05
  3.7881047e-03
  2.3909146e-03
  2.9636353e-01
  8.0344304e-02
  2.4142206e-02
 -6.8842764e-03
  9.0798391e-03
 -2.6571542e-02
  5.9089074e-03
 -4.9340464e-03
  2.2754937e-03
  2.5924067e-03
  2.6140285e-03
 -4.6328325e-03
  1.5402997e-02
 -9.0968832e-03
 -8.7885940e-03
  1.0839833e-02
  2.1597937e-02
  2.6050139e-02
 -8.3631817e-03
  1.8053917e-03
  2.5859349e-03
  1.9514788e-02
 -3.8632532e-03
 -2.5645770e-02
  9.3357064e-02
 -2.3065051e-02
  5.5327257e-03
 -4.4934629e-03
 -1.2424629e-02
  3.4688853e-03
 -1.4514822e-02
  4.7633941e-03
 -2.1691473e-02
 -1.4015767e-02
  3.8388972e-03
  2.3988737e-03
  2.0319121e-02
 -2.7551632e-02
  2.0715695e-02
  5.1156037e-02
  9.4086137e-03
  3.9907759e-03
 -1.3120883e-02
 -2.1520855e-02
  3.4436833e-03
 -4.9497411e-03
 -1.4809289e-02
 -1.5778326e-03
  1.6278537e-02
  4.5107445e-03
  2.9858449e-03
 -2.9338544e-02
  7.5221416e-03
 -9.6606808e-03
 -4.3157628e-03
 -1.8952493e-02
  1.5952168e-02
  2.8611893e-02
 -1.4554660e-02
  1.6820816e-02
 -2.6608864e-02
  1.5357079e-02
 -4.4833541e-02
 -1.2020349e-03
  1.2839358e-02
  1.1654755e-02
 -3.8436898e-03
 -1.6851520e-02
 -1.3479121e-02
 -3.9317790e-01
 -5.5587329e-03
  2.9685074e-01
  3.6843538e-03
 -5.1017888e-03
 -1.0477897e-02
  1.0465467e-02
 -4.8990396e-04
 -6.1221309e-02
 -5.5596018e-03
 -2.5653436e-03
 -8.7772282e-03
  1.3311850e-02
  1.9055545e-02
 -5.2658739e-03
  2.7192582e-03
 -1.5317977e-02
  4.1107245e-04
 -3.1826051e-04
  4.9666823e-03
 -2.5208674e-02
  3.2585911e-03
  3.0477993e-02
  4.6100658e-03
 -1.4240938e-02
  3.3924314e-03
 -1.1875068e-02
  2.5238900e-02
  1.7037927e-03
  2.4648692e-02
 -2.6590137e-02
  3.5730492e-02
 -2.1689605e-02
  2.6519897e-03
 -2.9345673e-02
  1.2226732e-02
  5.4101390e-03
  3.0257368e-02
 -9.0136686e-03
 -1.3534220e-02
  1.6916100e-02
 -2.1593262e-02
  8.3571998e-03
  2.8997444e-02
  1.6393172e-02
  3.6485964e-03
  9.4125485e-03
  2.1161182e-02
 -1.7035019e-02
 -1.6801626e-03
  7.3150015e-03
 -1.8384574e-02
  3.0569799e-02
  1.5247513e-03
 -2.5606969e-01
 -1.4353292e-02
  2.8813231e-01
 -2.1454119e-03
  2.8496977e-02
 -5.3438698e-03
  2.2994603e-03
 -2.2783151e-02
  1.7942863e-02
  1.8717231e-03
 -2.3942341e-03
  9.5366858e-02
  9.8878331e-03
  7.2290581e-03
  1.0259971e-02
 -6.4640543e-03
  2.6530435e-02
 -9.2197042e-03
  4.0932342e-02
 -2.2185853e-01
 -3.1933371e-02
  1.1854490e-02
 -7.8382473e-03
  1.3286397e-02
  5.6022173e-03
 -3.4714460e-02
  7.4286410e-03
 -7.3075537e-03
  1.4239925e-02
  1.4789603e-03
  2.1035669e-03
 -2.1639347e-04
 -1.5836445e-04
 -4.8829918e-03
  2.4335107e-02
  2.0135385e-03
  4.5141030e-02
  6.8311319e-03
 -5.4638505e-02
  3.3115081e-03
  7.0160109e-04
 -9.8456368e-03
 -1.3354502e-02
 -2.5923153e-02
 -3.4325585e-02
  1.0116922e-03
 -2.7422899e-02
  9.2304386e-03
  7.4057304e-03
  2.8455567e-02
 -1.4003625e-02
 -3.8264919e-04
 -1.0834068e-02
 -2.9126609e-02
 -5.4586047e-01
  4.1903099e-03
  2.7113555e-02
  1.6028954e-02
 -5.2408123e-04
 -1.6081128e-03
 -2.2000985e-02
  1.5658246e-03
  1.0875831e-02
 -8.3625214e-03
  1.2087057e-03
  2.9471475e-03
  1.1416151e-02
 -9.8535065e-03
 -1.2322842e-02
 -4.2958036e-02
 -8.8399202e-03
 -3.8228165e-02
  1.1634976e-02
  3.0388075e-03
  2.5300359e-02
  1.7205091e-02
 -5.3438074e-03
  1.8147870e-03
  2.6659822e-02
  7.6249294e-04
 -4.3623196e-03
  1.5267937e-02
 -6.0644178e-03
  1.6094078e-03
 -2.9079702e-03
  1.8356018e-02
  3.7282124e-02
 -2.8789632e-03
  1.1913816e-02
 -3.5824042e-03
 -1.3151111e-02
 -3.4554536e-03
  3.1224053e-02
  1.7322990e-03
 -2.7577797e-02
  2.6724863e-01
  1.4076840e-04
  1.2449311e-02
 -8.8086184e-03
  4.6710032e-03
 -2.6479803e-03
 -1.8005805e-02
  1.7258659e-02
 -1.3001525e+00
  1.6228335e-02
 -4.0921113e-03
 -5.7969713e-01
 -2.8373688e-02
 -4.5045619e-03
  4.5232020e-02
  1.0958818e-02
 -6.8736305e-03
 -1.5493740e-04
  1.3774130e-02
 -2.7293610e-05
  1.3048063e-01
 -7.1972124e-03
  6.1855321e-03
 -5.5836106e-04
 -7.2273663e-03
  6.3684895e-03
  2.6243022e-02
 -3.6546048e-02
  4.9692546e-03
 -4.0947320e-03
 -1.4869813e-02
 -2.0655077e-02
  1.2867121e-02
 -8.3423074e-04
  5.8424729e-03
 -4.0082918e-03
  8.0737015e-03
  1.0473926e-02
 -1.4321068e-02
  1.1988243e-01
 -1.4470803e-02
  1.5339393e-03
  1.0653280e-02
 -2.4424926e-03
  2.4830454e-03
 -5.5651325e-03
 -3.4793027e-02
  4.3120876e-02
  8.7990090e-02
 -1.5733896e-02
 -4.6993191e-03
  4.1707821e-02
 -8.1185065e-02
  1.1043398e-02
  8.9387484e-03
 -9.8987455e-03
 -4.1891504e-03
 -1.4121537e-02
 -1.6209807e-02
  3.4148972e-03
 -3.2400016e-03
  2.2384958e-02
 -2.1728726e-02
  6.4693238e-03
 -3.1077266e-03
 -1.8112587e-02
  6.7979535e-03
 -4.6342043e-03
  1.5313048e-02
 -1.1799059e-02
  8.0699380e-03
 -1.4831549e-02
  5.6936336e-03
  1.3430145e-03
 -1.0052447e-02
  3.5737026e-02
  6.8077510e-03
  1.0071739e-02
 -8.3547151e-03
  4.6375740e-02
  1.3304266e-02
 -1.0187074e-02
 -6.1797430e-03
 -1.4462224e-01
 -2.0317412e-03
 -8.4705530e-03
 -5.9570991e-03
  2.6585597e-01
  2.1385910e-02
  1.0922370e-01
 -1.7492326e-02
 -6.2512537e-03
 -8.5922517e-03
 -3.3273719e-02
 -2.6851915e-02
 -6.6713421e-03
  1.2849052e-02
  2.5502266e-03
  5.5500683e-03
  2.5602144e-01
  2.8199886e-03
 -1.4062605e-02
  2.1028232e-02
  1.0542648e-02
  1.3986896e-02
  4.4239797e-03
  1.5558113e-03
 -9.1621913e-03
  1.5344775e-02
 -3.3873525e-02
 -2.1765658e-03
  8.0621049e-02
  1.5302503e-02
 -1.4507836e-02
 -6.1877582e-02
 -1.7506504e-02
 -1.0292144e-01
  1.9554226e-02
 -3.5001019e-03
 -8.6069368e-02
  3.3654356e-01
  4.9763027e-01
  6.0217637e-03
 -7.2085178e-01
  1.2633281e-02
  7.3427629e-01
 -1.1804743e+00
  6.8534338e-03
 -1.0173950e-01
 -4.1741082e-03
  2.1514237e-01
 -3.6359528e-01
 -1.3025782e-02
  1.9170278e-01
 -1.4602084e-01
 -1.1140629e-02
  1.7204751e-03
 -6.5825291e-02
 -2.8197208e-01
 -1.0026654e-02
 -4.1973055e-03
 -3.1576443e-02
  8.0343774e-03
 -1.9499963e-03
 -4.1589509e-03
  1.4015256e-02
  8.1385430e-03
  2.0223430e-03
 -2.0268685e-01
 -3.1318169e-02
 -4.3975234e-01
  1.2097294e-01
 -3.3760894e-02
  1.7783392e-02
 -7.5618098e-03
  1.1851687e-02
 -4.2031258e-03
  4.5951516e-03
  5.1741772e-03
 -1.2093283e-02
  1.0125631e-02
 -1.4944208e-01
  3.4027046e-03
  4.1607019e-02
 -4.7466606e-03
 -3.9023347e-02
  9.0935193e-03
  2.1860724e-02
 -7.7798809e-03
  5.1036123e-03
 -6.2757819e-03
 -8.4952429e-02
 -1.0078866e-03
  5.3409049e-03
  9.1666443e-04
 -3.2376315e-02
 -1.2180871e-02
 -1.6085440e-02
 -8.6455431e-04
 -2.9920086e-02
  2.0858940e-02
 -8.0607729e-03
 -1.0596986e-03
 -3.6361147e-04
  9.6975605e-04
 -9.2592239e-03
 -9.4021751e-05
 -3.7053064e-02
  3.7400376e-02
  1.7448837e-02
  2.2817396e-03
  2.2066396e-03
  3.6802359e-03
 -1.5290924e-02
  1.0326158e-02
  4.2811674e-03
  1.2834948e-02
 -1.1641768e-02
 -1.6390568e-02
  1.2541218e-03
 -1.4870202e-02
 -1.3246427e-02
  4.1525677e-01
 -3.3089353e-03
  2.1174164e-03
  2.2963500e-02
 -1.4110747e-02
  3.9232273e-02
 -1.6388841e-02
 -6.3188868e-03
 -1.8727257e-03
  9.1761965e-03
  1.3814065e-02
 -1.3902882e-02
  2.9156713e-03
 -3.4486756e-02
  2.4337931e-02
 -6.3203387e-03
  1.4426187e-02
  5.1582971e-04
 -1.0146072e-02
  7.8276619e-03
 -2.7223991e-03
  1.9838808e-03
 -9.8670078e-03
  2.3459101e-02
 -2.1814706e-02
 -3.7069917e-02
 -6.8792313e-02
  8.4714554e-03
  6.2602549e-03
  1.3233189e-01
  2.1352313e-02
 -8.4804846e-03
 -6.4419890e-03
 -3.4757268e-03
  2.7209748e-02
 -1.0736852e-02
 -1.3801350e-02
 -2.7639213e-01
 -7.3812199e-01
 -1.0313456e-02
  2.5920353e-03
 -9.0299891e-03
 -2.0360972e-03
  1.0241033e-03
 -8.3442992e-03
 -9.4382819e-03
  2.0214212e-03
  1.0212817e-02
  1.0378809e-02
 -8.8655390e-02
 -9.7757233e-03
 -2.1240368e-02
 -1.7662179e-02
 -1.9686241e-02
  6.8350472e-03
  6.3251733e-04
 -5.2292109e-02
 -5.6596309e-01
 -1.2676198e-03
  3.4373486e-03
  6.3153781e-04
  2.9331472e-02
 -1.2725756e-02
 -3.0359145e-02
  2.6091013e-02
  8.6242832e-02
 -2.1167198e-02
 -5.1415908e-01
 -2.1622267e-02
 -2.2100743e-03
 -1.5313837e-02
  6.4159608e-03
 -2.8964564e-02
 -3.5738603e-03
 -6.6657499e-03
  7.0475815e-03
  8.8375863e-03
  3.5585772e-02
  8.2183424e-03
 -1.8091083e-02
  1.1778797e-02
  9.7529381e-04
  7.0398292e-03
  1.2763889e-02
  9.8071725e-04
 -1.9134671e-03
  6.6515496e-03
 -4.3725376e-03
  2.8032630e-03
 -3.8084395e-03
  2.7278779e-02
 -6.8942336e-03
 -3.0298494e-02
  5.3155432e-03
  9.0503665e-03
  2.1635348e-02
 -6.0234917e-03
 -2.7327129e-01
  1.5342604e-02
  7.9677608e-03
  1.0631880e-03
 -8.1687124e-04
 -2.9328023e-03
 -4.0490543e-03
  1.5408599e-03
 -1.0663555e+00
 -7.3706009e-03
 -1.4482889e-02
 -4.1316710e-03
 -1.5787957e-02
  1.0381259e-03
  2.8700682e-03
  9.7012660e-03
 -1.2635241e-03
 -3.8220480e-02
  3.8678043e-02
  2.3132432e-02
 -4.1728397e-03
 -1.3939543e-03
  1.7323259e-02
  2.5254160e-03
  6.5601766e-03
  7.9513216e-01
  5.3560417e-03
  1.1504183e-02
 -3.8634776e-03
  1.4119858e-01
 -8.4353620e-03
  1.6871735e-02
 -4.8838736e-04
  2.7409600e-02
 -1.8191524e-02
  1.5301836e-02
  1.6054340e-02
  7.0483205e-03
  9.5872581e-02
 -4.9217939e-02
 -7.2424980e-03
  3.1414584e-03
 -1.4738725e-02
 -1.5940716e-02
 -3.2877106e-02
 -2.8216615e-02
 -2.2781331e-02
  4.7679082e-03
 -2.4100905e-03
 -4.1431733e-03
 -4.0320086e-04
 -6.5778056e-03
 -2.4421789e-02
  1.5485880e-02
  1.3310677e-02
  1.2705098e-02
  3.4871309e-03
  4.9085505e-03
 -6.2137190e-03
 -6.8902373e-01
 -1.9799858e-02
  4.7887811e-03
 -1.6932052e-02
  1.7676932e-01
 -1.6011806e-02
  4.0013520e-03
  8.7853853e-04
  1.0925734e-02
  7.2658923e-03
  4.5461357e-03
  5.1282640e-03
 -2.0861931e-03
  9.1667036e-03
  1.3653938e-02
  3.0609913e-02
  1.3794169e-02
 -2.8275395e-02
  2.5005823e-03
 -9.2228848e-01
  5.0191086e-02
 -4.9140371e-02
  1.8384306e-02
 -1.1738479e-02
 -5.0443087e-02
 -1.6838908e-03
  3.3261722e-03
  7.2618388e-03
 -1.9331681e-02
 -1.7847087e-02
  8.3612641e-03
  4.0049430e-02
 -3.3030234e-02
  1.1008150e-02
 -5.3862142e-03
  2.0653103e-02
 -9.1606462e-03
  1.0234559e-01
  1.1406370e-02
  9.3259327e-03
 -3.1752160e-01
  1.4236241e-02
  3.4333922e-02
  4.4613119e-02
 -4.1520610e-03
  2.3942931e-02
  4.8589267e-04
  1.6043171e-02
  1.0041856e-02
 -1.6360004e-02
  3.1673674e-02
 -7.4512823e-03
 -7.6237260e-03
  2.7469562e-03
  3.9495356e-02
  1.3484984e-02
 -1.5707066e-02
 -1.1443049e-02
  1.3585995e-02
  1.8310237e-01
  1.9690951e-02
 -3.4611991e-03
 -9.4224634e-03
 -3.0635176e-03
 -2.1510441e-03
 -3.9903173e-01
 -2.0980656e-02
 -8.6050890e-03
  4.2274692e-03
 -5.4250553e-04
 -6.9212108e-03
  8.2682753e-03
  5.4542967e-03
 -2.3571840e-02
 -4.0068389e-03
 -1.3877059e-02
  1.5018748e-02
 -7.2264917e-02
 -1.0692517e-02
 -1.7551853e-03
  9.7085780e-04
  2.5514044e-02
 -7.2634430e-03
 -2.9522479e-02
 -1.1799248e-03
  1.1332419e+00
  2.2411869e-01
  1.0629644e+00
 -1.6445938e-01
 -3.7163559e-01
 -1.3290897e-02
 -2.8907660e-01
  1.7462314e+00
  2.2471888e-02
  5.1569575e-01
 -2.6342666e-02
  1.6068120e-01
  1.8254150e-01
  2.2679459e-01
  2.3535234e-01
  1.3265973e-01
 -2.7136404e-02
 -2.1545378e-02
 -5.7052085e-03
 -5.2623481e-02
  8.9247162e-03
  8.7659042e-03
  1.4127276e-02
 -1.8898576e-01
  3.7958364e-03
 -3.6041422e-03
  1.4105508e-02
 -1.0291360e-01
  3.7197177e-03
 -1.6216444e-02
  1.1231788e-01
 -3.8672786e-02
  2.1481290e-05
  6.0287322e-04
  1.9893043e-02
 -9.0886224e-03
  5.7103896e-01
  1.0430567e-02
 -8.1754504e-03
 -1.7414860e-02
 -9.7997850e-03
 -1.3299534e-01
  7.2296606e-03
 -2.1668607e-03
  1.4124283e-02
  4.5333742e-03
  9.9611981e-03
 -1.8428609e-02
  2.1973758e-03
  6.4481914e-01
 -6.4478710e-02
  1.4070080e-02
  8.8084161e-02
  9.1832066e-03
  1.5252316e+00
  1.3271453e+00
 -8.7858999e-01
 -7.2492474e-01
 -6.0687838e+00
 -3.0525961e+00
 -3.2725635e-01
  7.9937530e-01
 -2.5725972e-03
 -5.6267160e-01
 -2.7300048e-01
 -2.7147530e-02
 -8.5869628e-01
  3.8085997e-02
  1.5305175e-01
 -1.1533430e+00
  3.6408862e-03
  1.9025108e-02
 -4.1652533e-01
 -5.5769521e-01
 -2.7526969e-01
 -1.3468991e-02
 -2.0735452e-01
  1.3611773e-01
 -5.8531305e-03
 -6.2688984e-02
 -7.3811121e-02
  2.7805910e-01
  3.7500940e-02
 -1.5928043e+00
 -1.9423971e-02
 -5.6578401e-02
  2.0239501e-01
 -5.2333616e-02
  1.7015757e-02
 -4.4780958e-01
 -5.4773015e-01
  2.9982558e-02
 -8.2518387e-01
  1.0625144e-03
 -3.8835225e-01
  3.4860563e-01
 -1.5796590e-01
 -8.4377294e-03
 -3.4607089e-01
  1.9170469e-02
  1.5871841e-02
  6.8503376e-03
  5.6841271e-03
 -6.0524070e-03
 -9.2867529e-03
  3.2318884e-03
 -2.3527378e-02
  4.7338154e-02
  2.3149544e-01
 -1.5555453e+00
 -1.4262672e-01
 -7.0168018e-01
  1.9956297e-01
 -2.5120107e-04
  7.0229784e-02
  2.3700838e-01
  4.9142065e-03
 -2.1836115e-02
  4.3279477e-04
  2.6008619e-02
 -3.0247550e-02
  8.4943948e-03
 -1.0931033e-02
 -4.0345378e-03
 -8.8459568e-04
 -1.3051479e-02
  1.3378800e-01
  2.5204909e-01
  3.7826974e-02
  9.6786804e-02
  2.7832661e-05
 -9.1162126e-04
 -9.6623208e-03
  4.7611448e-01
 -9.6408455e-03
  1.2726489e-02
  1.5151916e-02
  3.0141214e-01
 -1.5574910e-02
  5.2501518e-02
  3.3585937e-03
 -2.3931900e-02
 -3.9764232e-04
  9.9918731e-02
  2.4017167e-01
 -1.1064869e-04
  5.9938591e-02
 -1.4733411e-02
  3.3983779e-03
  6.5847762e-02
 -8.4081851e-03
 -4.7929650e-03
 -1.1004692e-02
  9.0327837e-02
  4.3463260e-02
 -2.8644658e-03
 -9.3983700e-03
  2.1271210e-02
 -1.0873813e-02
  3.0785983e-02
 -8.9721233e-02
  2.4061270e-02
 -7.7456050e-03
  2.6029062e-02
 -7.8056771e-01
  1.1455312e+00
  4.7992942e-01
 -4.2222543e-03
 -1.8304706e-02
 -5.4322418e-02
  1.8540001e-02
 -1.2268167e-03
 -7.9658717e-02
 -6.3365640e-04
  1.9862026e-03
  2.2321254e-02
 -4.9238252e-03
 -2.4079867e-02
  2.4966169e-02
 -2.5742857e-02
 -6.2755868e-03
 -6.7730956e-03
 -3.6068380e-04
  1.8198138e-02
 -8.3962958e-03
 -3.1253470e-03
 -7.8588529e-03
 -2.0069773e-03
 -1.1144313e-02
 -1.6827831e-02
  6.8081245e-03
 -8.2435180e-03
  3.3594973e-03
  1.2456515e-02
  7.6144272e-03
 -5.6078815e-04
  6.0354271e-03
  9.1673192e-03
 -1.3817642e-03
 -2.2588568e-02
  1.0915387e-02
 -4.6932725e-03
 -5.8095558e-03
  4.1211988e-03
  4.3248818e-03
  3.7130497e-02
  2.2869309e-02
  9.7278627e-03
  1.2761332e-02
 -2.8955875e-02
 -4.3992987e-03
  5.8496916e-01
  3.0097060e-03
  3.8675115e-02
  1.6465528e-03
  9.0105860e-03
 -1.4308567e+00
  2.1466522e+00
  7.2032952e-01
  8.9552540e-01
 -9.1636609e-03
  1.1006640e+00
  2.2088748e-01
  8.5474235e-01
 -1.0103663e+00
 -1.8689233e+00
  6.5308429e-02
  1.7011048e-01
  4.8026112e-03
  5.4098489e-03
  4.8548341e-01
 -2.0967110e-03
  5.3303853e-02
 -6.1732566e-01
 -4.5481405e-01
 -1.1315300e-01
  1.7883605e-01
  2.5788809e-03
 -2.5870624e-01
 -3.7388068e-01
  2.8074384e-01
  1.8198702e-02
  7.5717070e-03
 -9.5409328e-01
  7.4226735e-03
 -1.6721199e-01
 -4.3245866e-03
 -1.3933383e-01
  9.9895917e-02
  1.5360387e-01
 -8.5647041e-03
  4.2248149e-03
 -3.2086015e-02
  7.4751512e-03
 -3.9812744e-02
 -1.0902482e-01
 -2.8947273e-02
 -1.9883467e-02
 -2.2075106e-01
 -1.9866642e-01
 -4.4041436e-02
 -1.3348756e-02
  4.5326469e-03
  2.2894579e-03
 -2.0683620e-02
  2.7021027e+00
  4.9544713e-03
  2.1205619e-01
  1.0282031e-02
 -2.2330128e-02
 -7.4015977e-03
  2.4723541e-03
  2.5778634e-02
  1.7496181e+00
  4.6871838e-04
 -3.0638754e-02
  1.4060279e-02
  6.9923345e-03
  2.1452107e-03
 -5.6018227e-01
 -1.3440243e-02
  6.8848818e-03
 -6.5464131e-03
 -1.4039285e-02
 -2.4388516e-02
  2.2203696e-04
  5.2067791e-03
  8.2527259e-03
 -5.6783028e-04
  1.3008910e-02
 -1.3992323e-02
 -4.1115037e-01
  4.7219686e-02
  3.2406267e-02
 -6.8920557e-03
 -1.2549773e-02
 -2.2967957e-02
  2.2565074e-02
 -1.2106430e-02
  6.5266723e-03
 -8.8396179e-04
 -3.4074564e-02
  1.9802064e-02
  1.3700266e-04
 -4.1957884e-03
  8.2848528e-03
 -7.6061669e-03
  2.0277442e-03
 -7.5800098e-03
  1.2614444e-02
  2.9636003e-02
 -2.0717615e-02
  1.3473345e-03
  1.9702127e-02
  7.6799532e-03
 -2.2902079e-03
 -7.9086041e-03
  1.5803274e-02
  1.0193115e-01
 -7.4520679e-03
  3.0841498e-02
 -2.2249527e-02
 -7.4877753e-03
  8.7557705e-03
  3.3539273e-02
 -5.6318841e-03
 -9.2847366e-03
 -4.7235657e-03
 -1.1833100e+00
  3.2266725e-02
 -1.9860776e-02
 -9.9760657e-03
 -1.0861002e-02
 -2.2333474e-03
  6.6277250e-03
  1.9302005e-02
  8.9800905e-04
 -1.6082926e-02
  8.6286226e-03
 -1.0553610e+00
  1.3203538e-02
  1.0923761e-02
 -2.4115127e-03
  3.5748372e-03
 -2.4678066e-02
  5.6329342e-03
 -2.6431931e-02
 -9.8499535e-03
 -2.0761997e-02
  3.5250895e-02
  3.2535489e-03
  3.5470065e-03
  1.5967578e-02
  3.3626589e-03
 -1.6621882e-02
 -2.9175759e-03
 -3.2703890e-04
  2.3802717e-03
  3.8871963e-02
  8.2357209e-03
 -6.6481452e-03
  7.2914129e-03
  7.7585272e-02
 -1.5856091e-02
  1.1991835e-02
 -2.0758316e-02
 -1.2600725e-03
  3.9412137e-03
  2.0143047e-02
  2.4038041e-02
 -2.5040580e-02
 -1.8329322e-03
 -3.0349871e-02
  2.6548052e-02
  1.9371111e-02
  2.8055260e-04
 -1.7648374e-01
  2.4940649e-03
  2.8084831e+00
  8.2174915e-01
  1.2072212e+00
  1.5495123e+00
  1.9817050e-01
  1.2736319e+00
  2.7806804e-01
 -8.2580233e-01
 -2.5590491e+00
  7.7148455e-01
  9.6112847e-02
  2.7542397e-01
 -1.4436166e-02
  7.4499869e-01
  2.8889939e-01
  3.3845883e-02
  4.7603822e-03
 -1.2587767e-02
  6.2719649e-01
  9.8239360e-03
  3.4750822e-01
  2.1188922e-01
  2.0990905e-01
  2.5124741e-01
  1.4548109e-01
  1.2869650e-01
 -2.9729715e-01
  3.4797266e-01
  1.7821267e-01
  5.2984584e-02
  6.4228442e-03
 -4.2097769e-03
  6.5093583e-01
  1.8483738e-03
  1.6098131e-01
  1.1953663e-01
 -2.2589275e-01
  1.8441240e-01
  1.2751864e-01
  1.7594066e-02
  1.7552155e-01
  6.9209051e-01
 -4.3678395e-02
  3.4316263e-01
 -3.4371570e-02
  4.2072799e-02
 -9.8005226e-03
  7.5847101e-03
  7.0737866e-03
 -1.3128350e-02
 -3.5644984e-01
 -1.5130780e-02
 -1.8972136e-02
 -3.4594962e-01
 -1.6595405e+00
  2.6553771e-01
 -2.8103667e-01
 -8.9303929e-01
 -8.2578874e-01
 -5.9118267e-02
 -5.2256823e-01
  3.4073183e-01
 -4.2495385e-02
  3.5438797e-01
  8.3060581e-03
 -9.6942544e-01
  3.6621958e-01
  7.3977977e-01
  8.0951297e-01
  2.5504062e-01
  7.2399879e-01
 -9.7779900e-02
 -3.5942706e-01
 -8.3120335e-03
 -3.0299425e-01
  8.2855877e-03
 -4.6846974e-03
 -1.7083285e-02
  1.5285639e-01
 -1.0073154e-02
 -1.2636434e-01
  1.4900857e+00
  2.5328405e-02
 -1.5862125e-01
  4.9544040e-02
 -1.8320161e-01
 -2.2371201e-02
  1.7593987e-01
 -9.0740126e-01
 -1.8099604e-02
 -5.6212906e-02
  2.6379332e-01
 -3.4225279e-01
  1.3915380e-02
 -4.9100012e-02
 -3.6170441e-01
  4.3897357e-02
 -1.6649154e-01
  1.6975157e-02
 -1.9779297e-02
 -8.3289899e-02
 -1.9131482e-01
  7.6539032e-03
 -7.5472710e-03
 -9.8936921e-03
  2.0461937e-02
  9.3740586e-04
  3.3606365e-01
  2.7214000e-03
 -9.7065948e-02
 -1.9278497e-02
 -9.7396458e-03
  2.8518438e-02
  2.4238240e-02
  5.8827695e-02
 -2.1153630e-03
 -4.3161954e-03
  8.1516244e-02
 -3.1707767e-02
  7.5231836e-04
 -6.4413548e-01
  3.2600861e-02
  1.0769309e-02
 -4.6533331e-02
 -5.0838771e-03
 -8.6150493e-04
 -4.9403362e-04
 -3.5604017e-03
 -1.4134783e-02
  4.5738399e-01
  2.5904061e-02
  2.2464592e-03
  1.5129433e-05
  2.0960303e-02
  1.7286422e-02
 -4.4174418e-02
 -3.1938571e-03
  4.4047132e-02
  3.1498175e-02
 -1.1642918e-03
 -3.5984984e-03
 -9.1351904e-03
  3.0788484e-03
 -6.0171043e-03
 -4.8520793e-03
  8.9561217e-04
  1.1036178e-02
  5.9763527e-01
 -9.2920505e-02
 -1.4416424e-02
 -4.5866400e-02
 -6.0888459e-03
  8.4336633e-03
  1.2178170e-02
  2.2651530e-03
  4.9250065e-03
 -2.7170448e-02
 -4.1514907e-02
  6.6387251e-02
 -3.2178778e-03
 -1.3230308e-03
 -1.4043944e-02
 -1.1178371e-02
  7.9392707e-03
 -1.2929732e-02
 -5.2470684e-02
  2.4152730e-02
 -4.7201933e-03
  1.1624027e-03
 -2.1564940e-02
 -1.7323229e-02
  9.2196669e-03
  5.4786266e-03
  4.1649383e-03
 -1.2622286e-02
  7.6381587e-03
  2.0281341e-02
  6.6853515e-03
 -1.0133562e-02
  2.4433213e-03
 -1.5882421e-01
  4.4404510e-03
  2.1960244e-02
 -1.4907804e-02
  3.6470781e-03
 -1.3431076e-02
 -2.1727378e-02
  2.2344587e-03
 -1.9603182e-02
  2.0828264e-02
  3.8024730e-03
  1.0942226e-02
 -1.1489471e-02
  1.3196854e-02
 -1.8505728e-03
 -8.2059056e-03
  1.2332480e-02
 -2.9853310e-02
  4.4559962e-01
  1.7830461e-02
 -8.9140609e-03
 -2.9622943e-03
 -4.7073322e-03
 -1.0825256e-02
  1.4102778e-02
 -2.1011651e-02
  2.3888487e-02
 -5.1428671e-03
 -3.9153933e-03
  2.5699751e-02
  1.2804635e-02
  1.9926648e-04
  1.4922760e-02
 -1.6456570e-03
 -1.7799191e-03
 -6.9698761e-03
  2.6356744e-02
  7.6626907e-03
  4.9135019e-03
  6.9874985e-04
 -2.1925515e-02
 -9.2955204e-03
  8.3931058e-04
  2.5967766e-02
 -2.4753148e-02
  1.6475292e-02
 -8.9172123e-04
 -5.6671975e-03
 -1.6852578e-02
 -3.4265702e-03
  1.5269297e-01
  5.0456072e-03
 -8.2896717e-02
 -1.7856166e-02
 -5.0403243e-03
 -1.3696913e-03
  1.1134497e-03
  1.4463468e+00
  2.1955023e-02
  1.6682056e-01
  2.8518511e-02
 -2.0385018e-02
 -3.2775216e-02
  1.2409960e-02
 -8.7562570e-04
  2.5127176e-02
  1.1267279e-02
 -3.4167696e-02
 -1.0357027e-02
 -3.6586095e-02
 -1.0092864e-02
  1.2805242e-03
 -1.8103508e-02
  1.5632810e-02
 -1.2314009e-03
 -1.2343354e-02
  3.0505529e-03
 -8.6264834e-03
  4.4277394e-03
 -2.7079379e-02
 -1.5419692e-02
  1.0037858e-02
 -2.6513342e-02
 -3.7512688e-03
 -1.5474995e-02
  8.4263440e-03
 -3.6458275e-04
  2.4373801e-03
 -1.2815061e-03
  3.5056092e-02
  3.3765767e-02
 -5.5028712e-03
  1.2075580e+00
  1.4869826e-03
 -3.2865137e-02
  1.8328581e-03
  5.9685893e-03
  1.7569061e-02
 -2.8543353e+00
  4.5093969e-02
 -7.8692827e-03
  6.9543190e-02
 -6.9272923e-03
  7.1336711e-03
 -1.0880567e-02
 -5.8496380e-03
 -1.3539840e-03
  2.5471435e-03
 -1.1954703e-02
  9.3352862e-02
 -4.0832411e-02
  2.2717461e-01
  2.8237826e-01
 -7.9259006e-03
 -1.0372924e-01
 -1.9186119e-02
 -1.9861767e-02
  2.8321613e-02
  2.8609760e-02
 -1.3466593e-02
  7.0403842e-03
 -1.0649238e-02
  5.4127508e-01
 -2.2627271e-03
  1.5603778e-02
  6.8368358e-03
  4.5809741e-03
 -2.4513653e-03
 -8.0328915e-05
 -1.2446536e-02
  1.1561387e-02
 -2.6991732e-02
  2.2595156e-02
  6.9149181e-02
 -1.2216598e-02
  9.8881770e-05
 -1.8916508e-02
  8.8058617e-03
 -1.5281094e+00
 -5.3284462e-03
 -1.9948054e-02
 -5.6877326e-02
  7.9937475e-03
  1.2319393e-02
  8.4620975e-03
 -4.5920655e-01
  1.4354227e-02
 -1.5939665e-03
 -5.5931131e-03
 -2.3164763e-03
 -3.1614613e-02
  3.2034861e-06
 -5.7689093e-02
  1.5520552e-02
 -1.1722906e-02
  5.3627510e-03
 -1.4654629e-02
  3.3012521e-02
 -2.9554559e-02
 -5.5290423e-03
 -6.6542707e-02
 -1.2809277e-03
  5.8099911e-02
 -1.8520766e-03
  2.1795828e-02
 -1.5609688e-02
  7.4233101e-03
 -9.7144144e-03
 -2.9725248e-03
 -1.8254450e-02
 -3.2034103e-02
 -9.9966172e-03
 -6.0376530e-03
 -4.5637500e-01
  3.0216144e-03
  1.2398950e-01
 -1.4326602e-02
  5.4346898e-04
  3.6033092e-03
 -8.9677826e-02
 -7.5570354e-04
 -7.7591639e-04
  1.0298187e-02
  2.3822063e-03
 -4.6239528e-03
 -5.5205055e-05
 -9.6083892e-04
  2.1594536e-02
  3.0711652e-03
  2.1332610e-02
 -1.3978768e-02
  8.8623160e-04
 -1.6462847e-03
 -3.7373841e-04
 -6.5984665e-03
 -1.4262617e-02
  2.4251247e-02
  5.4220892e-03
  2.8074965e-02
  2.2665510e-02
 -7.8409733e-03
 -1.0223108e-02
 -1.9328706e-03
 -9.6969204e-03
  4.6582869e-03
 -5.1545078e-01
 -1.3182796e-02
  1.0152119e-02
  1.2563493e-02
 -2.9986301e-03
  1.3463003e-02
 -2.6831778e-02
  3.1668115e-02
 -3.4599367e-01
  1.8068312e-02
  3.3248596e-02
  8.0789225e-03
 -3.4081547e-03
 -9.8791141e-03
  8.1597129e-03
 -4.6261869e-04
 -5.0963378e-01
 -2.1150904e-02
 -8.5483827e-03
 -2.9797351e-02
  2.1269901e-02
  2.4107981e-03
  2.0167450e-03
 -3.1497634e-03
  3.5622346e-03
 -2.6972016e-02
 -3.0484796e-03
 -5.8240741e-03
 -1.4811214e-02
 -1.9192109e-02
 -4.2897384e-03
 -1.3268879e-03
  1.1880532e-03
  3.6423118e-03
  2.7424735e-03
 -7.6002162e-03
  1.1458617e-02
 -4.8212660e-03
  2.6410412e-02
 -6.9078528e-03
  1.6836600e-02
  2.3146305e-02
 -7.4668797e-03
  2.1106018e-02
 -2.3787336e-03
 -2.1700989e-02
 -1.8505339e-02
  1.1109423e-01
  4.7360158e-01
 -2.2687882e-01
  1.5336742e+00
 -1.1097598e+00
 -4.9126975e-02
 -9.2785852e-03
 -1.8113252e-02
 -1.4642775e-02
  8.5662529e-02
 -1.9478183e-03
 -6.7175133e-03
 -1.4748096e-02
 -3.8516505e-03
  5.7843453e-03
 -1.6721312e-02
 -1.9347157e-02
  1.8722607e-03
  4.0708524e-03
 -7.7230046e-03
  7.6212855e-03
  5.0512357e-03
  2.4902822e-02
 -1.1104107e-02
 -2.0057519e-03
  6.0859476e-03
  1.6841963e-02
  1.5766007e+00
 -2.6614828e-02
  4.8995219e-02
  6.1385324e-03
  1.9494160e-01
  1.4358743e-02
 -1.1825089e-02
 -4.9411226e-02
 -3.9557613e-02
  1.0875247e-01
  9.8047078e-02
  3.7458336e-01
  7.7603420e-04
  3.1940177e-02
  6.6028419e-03
 -5.5901639e-02
  3.8243759e-02
  4.0584590e-02
  1.1349039e-02
 -1.5956623e-02
  1.9001206e-02
  8.8225072e-03
  1.9664509e-02
 -1.2561462e-02
  2.0636655e-03
 -1.4696196e-03
  4.7392193e-02
 -5.2194661e-01
  4.1938514e-01
 -3.0219689e-01
  3.1637773e-01
 -6.2354261e-01
  4.8011381e-02
  2.6276094e-01
 -1.1354654e-01
  1.0028288e-02
  1.0781074e-01
  2.3514131e-02
 -8.4456846e-02
  3.1886999e-02
  1.8311782e-01
  1.7366794e-01
 -5.8212230e-04
 -1.2045362e-02
 -5.3376551e-03
  8.5262138e-01
 -9.9805265e-04
  9.2902613e-01
 -6.9713965e-03
  7.7429436e-02
 -2.7427506e-01
  3.9062250e-01
  6.6090129e-02
  6.5078631e-02
 -1.1638123e+00
  2.5806749e-01
 -1.6940163e+00
 -5.2472502e-03
 -4.4231281e-01
  1.4137926e-02
  8.6675631e-03
 -1.1418424e-02
 -1.1478017e-02
  5.6002897e-01
 -2.8354472e-01
  9.3289845e-02
 -6.3855685e-02
  9.7790226e-02
 -5.8207577e-01
 -2.1564579e-01
 -6.9770411e-02
 -1.8337648e-01
 -3.8482781e-02
 -2.1392196e-02
 -1.3462847e-01
 -5.0037529e-02
 -4.3917606e-03
 -1.4081782e-02
  1.2372501e-02
  2.3453471e-03
  3.5572203e-03
  6.0321939e-01
 -1.8254764e+00
 -1.8327677e+00
 -2.7906170e-01
 -8.9401919e-01
 -5.8431745e-01
  7.6466978e-01
  1.5595882e-01
  1.5456501e-01
  2.2961356e-02
  4.9666935e-01
  1.4221786e+00
 -9.3981683e-02
 -5.4609221e-03
 -2.4583238e-01
  1.7593298e+00
 -1.2767157e-02
  3.0608540e-02
 -3.8626009e-01
  3.6176201e-02
 -6.9697015e-03
 -1.2298697e-02
 -4.5237204e-01
  5.7751858e-01
  1.9899441e-02
  6.1498363e-02
 -3.1316080e-03
  2.0678772e-01
  4.1324813e-03
  1.1958016e+00
 -3.1253386e-03
 -7.0447364e-04
  1.8398866e-01
  4.0333686e-04
  2.6955565e-03
  8.8699913e-01
 -2.7814419e-03
  4.5121267e-01
  9.5398910e-03
  7.7202949e-03
 -8.8531025e-02
  3.0312625e-01
  8.0610719e-03
  2.7193394e-02
  1.8287392e-01
  2.0729825e-02
  2.2489386e-02
  1.3062217e-02
  1.5236650e-01
  1.2727337e-03
  1.3529824e-02
 -7.0107752e-03
  1.2521601e-02
  1.7105225e-02
  2.3154686e-01
  1.2122169e+00
 -2.4446036e-01
  1.4665816e+00
 -9.6712959e-01
  1.7986382e+00
  4.0446644e+00
 -1.4577600e+00
 -9.2933625e-03
 -1.2251900e+00
  5.6851897e-03
 -1.3417351e+00
  8.6970288e-01
  2.3267057e+00
 -2.1254884e-01
 -1.3900506e-01
  1.6743513e+00
  1.4316767e+00
 -3.5090834e-01
  6.8513805e-01
 -8.2859939e-01
  7.0781755e-01
 -3.8036388e-01
 -3.7920377e-01
  3.1006916e+00
  1.0132433e+00
  4.5669418e-02
  3.3731383e-01
 -2.1022748e-02
 -1.6536398e+00
  4.7358401e-02
  7.9552822e-02
  1.6403582e+00
  9.2305768e-01
  8.4603465e-01
 -2.9881287e-01
 -2.1342415e-01
  5.8451051e-01
 -1.8584346e+00
 -6.2407441e-03
 -7.6582290e-02
  1.5176306e-02
  1.8484261e+00
 -6.0328186e-01
 -5.1812303e-01
  1.6120769e-01
 -1.9454631e-01
 -1.6711583e-02
 -6.6244146e-03
 -3.1996947e-02
  1.8292284e-01
  4.8567512e-04
  8.8490093e-01
  2.0260181e-01
  5.0022263e-02
 -8.6594215e-03
  1.7114730e-03
 -1.6943977e-03
  3.5979080e-03
  8.0532633e-04
  2.1939205e-02
  8.3648562e-02
  6.7463920e-02
 -1.3474918e-02
  5.1027276e-02
  5.1523722e-03
 -2.5153534e-02
 -2.4250560e-03
 -1.9207973e-03
 -1.4423499e-02
  1.6536050e-02
 -1.2576972e-02
  4.1496726e-03
  2.9388247e-03
 -4.7986358e-02
  3.3491209e-02
 -5.1681674e-03
  7.3150717e-02
  5.4386735e-02
  2.6322161e-03
  4.0236395e-03
 -3.2661404e-02
  6.7977351e-03
 -3.9674476e-02
  5.3665321e-03
  3.9564874e-02
 -5.0655506e-03
 -5.7809469e-03
 -1.3670825e-02
 -7.4989684e-02
 -2.9523224e-02
 -2.3789650e-03
 -2.5682177e-02
 -2.5479568e-03
  2.3339544e-03
  1.8739892e-02
 -4.0456927e-03
  4.1568973e-03
 -1.9990453e-01
 -1.2431227e-02
 -1.8442384e-03
  1.8897387e-03
  5.4636505e-05
 -8.2647568e-03
 -1.5883667e-02
 -5.7938505e-02
 -1.5409210e-03
 -2.7779122e-03
  5.8521228e-03
  6.0598222e-03
 -2.2525765e-02
  2.4184478e-02
 -2.7467281e-02
  6.5779239e-02
  6.9122348e-04
 -8.8031061e-02
 -9.9855401e-03
  4.3212768e-02
  2.7909268e-02
 -1.6621811e-03
  8.4459297e-03
 -3.0340028e-03
  5.5519138e-03
 -2.8201989e-03
  1.3906113e-02
  6.7949919e-03
 -3.5908192e-02
 -1.8924553e-02
  2.0107649e-02
 -3.2425576e-04
  1.1124117e-02
 -1.0565701e-02
  3.1355447e-03
  5.4706912e-03
 -2.3327645e-02
  5.7674656e-03
  4.1769940e-02
  5.4866397e-03
 -5.1684156e-03
  1.7674258e-02
  3.8902871e-03
 -9.1328699e-04
 -1.3025858e-02
  1.3627488e-03
 -2.1287455e-04
  6.4107846e-03
 -8.6685512e-03
  1.5621969e-02
  3.5676637e-03
  1.2388163e-04
  3.7415577e-03
  6.5388717e-03
 -1.8839817e-02
  8.9145331e-03
 -6.5397578e-03
 -5.8516889e-04
 -3.0213527e-02
  1.5998031e-03
 -5.8758404e-02
  3.7453413e-02
  3.6797423e-02
  3.0174418e-03
 -4.6454933e-03
  6.0182181e-04
 -2.0185845e-02
 -1.0014773e-02
 -7.2838077e-03
 -4.5349514e-03
  1.8951626e-02
  1.7029298e-02
 -2.8216147e-03
 -4.9268105e-03
 -7.2896490e-03
 -1.1008902e-02
  4.4640740e-03
  3.2673629e-03
  1.4017511e-02
  2.4059223e-02
  1.2760661e-02
 -2.7786978e-02
  5.4642619e-03
  5.2754297e-03
  2.4612930e-02
  1.3283399e-02
 -5.3714849e-03
  4.2553639e-04
  2.3949302e-04
  2.4185164e-03
 -5.2003816e-02
 -2.9119784e-01
  1.1242285e-02
 -3.7542214e-03
  5.1835962e-03
 -1.1952116e-02
  2.6438398e-02
 -2.1796566e-02
  1.4393891e-02
  1.6942004e-03
  1.8579414e-02
 -1.7547006e-02
  2.3119375e-01
 -6.8832096e-03
  5.1219021e-03
 -2.1780445e-03
 -1.4946043e-02
  4.9195159e-03
 -4.6486584e-03
  1.5430538e-02
  1.8010190e-02
 -1.6795009e-02
  4.6820898e-04
 -2.6002794e-04
  2.5224674e-03
 -2.1354718e-02
 -4.7029769e-03
 -6.0294247e-03
 -6.9723457e-01
  2.6751703e-01
  1.2941211e+00
 -2.1743877e+00
 -1.5052674e+00
  1.8330662e-01
  2.9230502e-01
 -1.3673393e+00
  2.8827321e-02
 -9.4710335e-02
 -1.4361412e-02
 -2.0216610e+00
  3.9349683e-03
 -4.1235185e-01
  5.2382708e-01
  1.0283924e-02
  4.6544138e-02
 -3.1940684e-02
  6.0745507e-02
  3.3123150e-01
  8.2604066e-02
 -1.5793173e-01
 -2.3839951e-01
 -9.5611438e-03
 -1.0804476e-02
 -1.2109593e-02
  1.0592628e-02
  2.6753666e-02
 -5.2134067e-02
  2.0976767e-02
 -8.2857143e-03
 -1.7409289e-02
 -2.3281798e-02
 -2.7346194e-01
  2.6358357e-03
 -2.0941685e-01
 -6.4767614e-02
 -1.8902748e-03
  4.9359649e-02
  1.0800368e-02
 -1.0036558e-01
  2.6198996e-02
 -1.2164757e-01
 -1.6818134e-01
 -3.5607922e-01
  1.3454837e-03
  1.2376308e-02
 -1.4614402e-03
  1.3260570e-02
  2.1403817e-02
  9.7537925e-03
  8.8675218e-03
 -2.4454445e-02
 -6.0917590e-02
 -2.1732302e+00
  1.8883352e+00
 -1.8449020e+00
 -5.4400206e-01
 -1.1257760e-01
 -1.6567861e+00
 -5.0278574e-02
  2.2659450e+00
  2.6985466e-01
  6.0173905e-01
 -2.4903347e-01
  1.3154302e+00
 -5.1652528e-02
  3.2839373e-01
  1.2383252e+00
 -3.2110136e-02
 -2.1136218e-01
  7.3829234e-02
 -1.8589768e-01
  1.3622745e-02
 -3.7591526e-01
 -2.8058905e-02
  1.2231053e-02
  1.9890821e-02
  6.2414813e-03
  1.1455052e-01
 -1.5232429e-01
 -5.7538178e-02
  8.9510027e-03
 -2.2438258e-01
 -1.2492841e-02
 -1.8120289e-02
  8.2073891e-01
 -2.1005785e-01
  5.1140238e-02
  4.9062595e-01
  1.1715445e-01
 -1.0292768e-02
  1.1404460e-01
  2.8679848e-01
 -7.6127154e-01
  1.2666545e-03
  5.5538887e-01
 -1.3527334e-01
 -1.0513067e-01
  6.5138057e-02
  2.9266654e-03
  2.9028224e-02
 -8.1609813e-03
  5.6671090e-03
 -3.9817285e-04
  2.4539515e-02
  2.0112248e-02
  6.5836698e-02
 -2.1022412e-01
  7.5198281e-01
 -1.7842202e+00
 -1.1249089e+00
 -2.3041745e-01
 -3.0410707e-01
 -8.4816543e-03
  5.8408642e-01
  3.1536952e-01
  7.9553343e-02
 -2.5623916e-02
 -1.7091729e-01
 -1.5061473e-02
 -1.7261694e-01
  5.6288034e-01
  7.4135107e-03
  2.4111961e-01
  3.7915620e-03
  1.8643461e-02
 -5.6530729e-02
 -1.2792581e-02
 -5.3004529e-03
 -8.2219827e-01
  3.3770867e-02
 -3.2196391e-02
  1.6873781e-01
  1.2159245e-01
 -7.4797727e-02
  2.4573281e-02
 -8.1635907e-02
  3.4148742e-03
 -1.4480546e-01
  2.7449265e-01
 -5.2031696e-01
 -4.7650100e-03
 -5.4219007e-01
  1.0318421e+00
 -1.1131305e-01
  1.2200586e-02
  3.7694054e-03
  5.4631550e-03
 -1.3087551e-01
  1.7971280e-01
 -1.1169368e-01
 -1.4744374e-02
  2.7900153e-01
 -1.1052493e-02
  2.0916519e-01
  2.2718152e-03
 -5.2013490e-02
 -1.8309876e-02
  1.1880096e-04
 -2.7945213e-02
  2.4120735e-01
 -4.4144362e-01
 -3.9651930e-01
  1.4674022e+00
  4.4356984e-01
  1.2391158e+00
  2.1170943e+00
  4.8019955e-01
 -2.8883910e+00
 -2.0465329e-01
 -1.0638412e+00
 -1.9674250e-01
 -6.3229400e-01
  9.8087829e-01
 -1.6972256e+00
  4.4220942e-01
  1.4754862e-02
 -8.0778599e-02
  1.4939572e-01
 -6.3905013e-01
 -5.3441799e-01
 -4.7800499e-01
 -1.5621468e-01
 -1.0992390e+00
 -7.9830772e-01
  9.1216928e-01
  5.5484307e-01
 -3.4448716e-01
 -2.5038859e-01
  3.5398863e-03
 -2.6728184e+00
  1.1150181e+00
  4.2887068e-01
 -1.3938247e+00
  1.4249383e+00
  3.3241588e-01
 -2.9100665e-01
 -8.4363025e-01
 -7.8272444e-01
 -1.1930504e+00
  1.1826965e+00
 -8.3080041e-01
 -3.3006379e-01
  3.8713279e+00
  6.6787297e-01
 -3.7482864e-01
 -4.8812357e-01
 -4.1916233e-02
  2.6006106e-02
 -1.3770680e-02
 -9.7210882e-03
 -4.0375065e-02
 -4.7661688e-02
 -6.4532250e-02
  4.6736610e-01
  3.7886351e-03
  7.2435804e-02
 -3.4103297e-02
 -1.7685894e-02
  6.9137793e-03
  3.1495634e-02
  1.3087816e-02
 -5.5761938e-03
 -1.3671624e-02
 -3.2900192e-02
  3.2071292e-02
  1.2083221e-02
  3.5749085e-02
  3.6056489e-03
 -4.1455403e-03
 -4.7085249e-01
  4.1778639e-01
  1.4800812e-02
 -3.2499819e-03
 -1.4450275e-02
  6.9718519e-03
 -6.3113575e-03
 -9.0285894e-03
 -1.5963229e-03
 -7.5067659e-03
  1.0088193e+00
 -9.1853634e-02
  1.6540273e-04
  1.5747157e-03
 -3.1649389e-03
  2.7056132e-03
 -2.9179344e-01
 -3.9993912e-02
  4.9704402e-03
  3.0377142e-03
  1.3953007e-02
  5.7192408e-03
 -6.6111521e-03
 -1.5194004e-02
 -1.6280636e+00
 -8.9661460e-03
  3.9477726e-03
 -1.9994281e-02
 -3.7763144e-03
 -1.7362721e-04
  6.4484417e-03
  6.3082292e-03
 -7.4745137e-03
  1.1453494e-02
  2.5285851e-02
  5.1927235e-02
 -4.1901125e-03
  1.2256700e-02
  3.1561207e-02
 -1.0718005e-02
 -3.0849034e-03
 -1.7920418e-02
  1.6160235e-02
  3.3616588e-02
 -3.9076488e-03
 -6.3389051e-03
 -3.2011021e-03
  3.0288203e-03
  1.3831044e-02
 -4.4729155e-03
  2.2890890e-02
  1.3422619e+00
 -3.0866764e-03
  3.4186237e-02
 -1.2143230e-01
 -2.1007709e-02
 -2.5663603e-02
  7.1648229e-03
 -1.6702838e-02
  1.3458284e-02
  1.2142318e-02
  3.8450025e-02
  3.3028126e-03
  2.2135321e-03
  1.8769252e-03
  8.2999179e-03
 -1.0260645e-02
 -2.4708661e-03
  6.7036726e-02
 -5.4021750e-04
  4.9912948e-02
 -7.0394543e-03
  4.9365091e-04
  7.1571562e-03
 -2.7474831e-03
 -1.2186415e-02
 -1.2006767e-03
 -2.9217679e-02
 -5.4588434e-03
  6.3120604e-02
  1.4083619e-03
 -1.3062737e-02
  1.9069509e-01
  3.9482415e-03
 -7.2543472e-03
 -8.7000662e-03
  1.7034305e-02
 -1.0900947e-02
  2.9418031e-03
  7.0215818e-03
  2.3458299e-01
 -1.7056378e-02
 -6.2605492e-03
  3.2467756e-01
  2.0897797e-01
  4.8538709e-01
 -1.1559299e+00
 -7.3322988e-01
  4.5644158e-01
  8.0679125e-01
 -1.6167402e+00
  3.2638901e-01
 -1.6416539e-02
  1.0757197e-01
  2.7193964e-01
 -4.9311426e-02
 -1.4292272e-03
  2.2272132e-01
 -2.0546155e-01
 -8.0835961e-02
  2.9983741e-01
  3.0610764e-01
 -4.8760348e-03
  1.6136168e-01
  6.8221360e-02
  1.8707767e-01
 -1.4672161e-02
  7.8673527e-02
 -5.5043116e-02
  2.3744264e-01
 -4.9660437e-02
  4.4504210e-02
  3.1156076e-02
  4.3549579e-02
 -2.0438977e-02
 -1.5741910e-01
  1.2416243e-02
 -2.1946018e+00
  2.9394794e-01
 -2.4223419e-02
  2.7637532e-02
  8.9525022e-02
 -3.8696159e-02
  5.1283544e-01
 -6.9703072e-02
 -4.0988293e-02
  1.9541930e-01
  4.5934480e-01
  5.1933266e-02
  7.0057502e-03
 -2.4195578e-02
  7.1556461e-03
 -5.1484448e-03
  1.3094353e-03
 -4.9787713e-04
 -2.0122711e-02
 -1.6388565e-03
 -4.3738182e-03
  2.4766421e-03
 -7.2144573e-03
 -4.9118378e-04
  1.7944440e-02
 -2.4182759e-02
 -4.1507371e-02
 -3.2975913e-03
  7.4459952e-03
 -1.4444027e-03
  1.5443277e-03
 -2.0466403e-03
  5.2331761e-03
  1.2682063e-03
 -5.8587617e-03
 -3.6357220e-03
  1.6958596e-02
  1.1110568e-03
 -6.6999875e-02
 -1.4520025e-02
 -3.9099913e-02
  1.7317047e-02
  8.7713584e-02
  3.3734635e-02
 -5.0638462e-03
  2.2329317e-02
 -2.6019499e-05
 -2.0319294e-02
 -5.9038997e-03
  2.8642991e-03
  4.9448321e-03
  1.4792006e-02
 -9.8418156e-03
  5.4407073e-03
  1.0134517e-03
 -2.0143466e-02
  3.5321594e-03
 -7.6892311e-03
 -9.7770197e-03
  4.0726461e-03
 -1.3454582e-02
  4.1418370e-02
  5.4260280e-02
 -2.0027708e-02
 -2.3897196e-04
  3.0065922e-03
 -2.7470943e-02
 -1.6448575e-03
  5.3129592e-03
  8.3961561e-03
 -1.4282371e-02
 -2.0848958e-02
  1.8551419e-02
 -1.7130320e-03
 -1.0003958e-02
 -2.1796217e-03
 -4.3843832e-02
  2.2148578e-03
  6.3114241e-03
  2.2523746e-02
  5.3851784e-04
 -4.4920686e-01
 -1.9542683e-02
 -1.1187559e-02
 -1.3880537e-02
  1.2940743e-02
  2.8756643e-03
  1.6613698e-03
 -3.0547350e-03
 -2.9280564e-02
 -7.2908173e-03
 -1.2718190e-02
  1.9769759e-03
 -3.2983381e-02
  1.5597446e-03
 -1.4371392e-02
 -8.5815964e-03
 -1.0969774e-02
 -1.2994879e-02
 -1.7529517e-02
 -4.4462061e-03
  1.0584338e-02
 -1.3126514e-02
  9.5193982e-03
 -1.1143330e-02
  6.4733555e-03
  2.2187082e-03
  5.8066662e-02
  2.9299499e-03
 -4.3835980e-03
 -5.5806036e-03
  7.4161548e-04
 -8.6866673e-03
  2.9646005e-03
  6.2785773e-03
  2.4013750e-02
  3.5925959e-03
 -2.9746141e-02
  4.6924107e-02
  6.7241035e-02
 -4.5192735e-03
 -2.8187932e-02
 -5.8808844e-03
 -2.3289474e-03
  2.0568226e-02
 -8.9205820e-03
 -3.4223122e-03
  1.5564315e-03
 -1.2323503e-02
  5.5874372e-01
 -2.4569931e-02
 -4.0986761e-02
 -2.8328386e-03
  8.3782244e-01
 -4.4268463e-03
  4.0947967e-03
  1.3893447e-03
  6.0902042e-03
  1.4996777e-02
 -5.4002404e-02
  1.3460548e-02
 -3.5484710e-03
 -7.0737614e-03
 -2.4224542e-02
 -3.3121908e-03
 -6.6662328e-03
  1.1974436e-02
  3.3363760e-02
 -6.7279331e-04
 -1.6564095e-03
  3.4757850e-03
 -9.5925620e-04
 -5.8712051e-03
  6.3776728e-03
  3.4548971e-03
 -2.9870059e-04
  2.3085909e+00
  1.8544592e-02
  3.7900254e-03
  9.3632992e-03
  8.2108621e-03
  6.0384814e-04
  6.9003734e-03
 -5.1987138e-02
  3.1161695e-03
 -3.7409436e-02
  1.7931197e-03
 -9.8841288e-04
  2.0336704e-02
 -3.8504726e-03
  5.2341311e-03
  1.1741161e-02
 -2.9719321e-02
 -2.0647954e-02
  3.1566139e-02
  1.1109397e-02
  1.4705370e-02
 -7.9991939e-03
  1.0404426e-02
 -9.5314911e-04
  6.4060194e-03
  1.8734459e-03
  3.8560949e-02
 -1.8997970e-03
  2.0282974e-03
  1.6358409e-02
 -1.0570811e-02
 -1.1028023e-02
  5.9073344e-02
  2.6990308e-03
  4.0990748e-03
  8.7285740e-04
  3.3648770e-02
 -1.6858207e-02
  3.1925883e-04
 -6.3751037e-03
  4.9931114e-03
  4.2378460e-03
  9.3665719e-03
 -8.3237356e-03
  5.8617261e-03
  7.7667660e-03
  2.7314533e-04
  2.0313062e-02
 -2.3718813e-02
 -4.6643815e-03
 -3.3000954e-03
  2.9402864e-03
 -4.3308128e-02
 -1.2768994e-01
 -3.1509474e-03
  1.0114000e-03
 -1.4403187e-04
 -1.7529980e-03
  6.9219507e-02
  1.2199415e-03
 -8.9427400e-03
 -3.8574899e-03
  1.8476621e-03
 -3.8960552e-01
  2.2029367e-03
  4.8746062e-03
  1.2094818e-02
 -1.5505061e-02
  4.3340086e-04
  1.8883061e-02
  2.6164630e-02
 -1.4240814e-02
  2.2035470e-02
 -2.5849916e-02
  3.6459304e-02
  1.4121150e-02
  1.0780727e-04
 -3.3406494e-04
  1.5014084e-02
  4.4092629e-02
 -1.5736179e-02
  7.3912309e-04
  4.6972382e-01
 -1.2636082e-01
  5.6747161e-03
  1.2350108e-02
 -2.9167454e-03
  9.6187657e-03
 -8.3281251e-04
 -1.3566348e-02
 -6.0594920e-03
 -8.0808708e-03
 -1.6690763e-02
  2.3144003e-02
  6.7576766e-03
 -2.1937938e-02
  9.5021958e-04
  1.1723561e-02
  9.7206431e-03
  1.4873395e-03
 -1.0143546e-03
 -8.5863182e-03
 -8.1205796e-03
 -1.3557070e-02
  6.8029147e-03
 -9.8928530e-03
 -1.7125239e-03
 -1.0438712e-02
 -7.4033579e-03
  5.5664233e-03
  9.2693430e-04
  4.9493521e-02
  9.0390892e-04
  2.0323474e-02
 -3.3128185e-03
  5.9711435e-03
 -4.3689292e-03
 -5.8931177e-03
 -1.4493522e-02
  7.0691243e-04
  1.8959069e-01
 -2.0594375e-02
 -7.7619083e-02
  1.5925551e-02
 -9.1508655e-03
 -4.9845132e-01
  3.6219144e-01
 -1.6134458e-02
 -7.3017729e-03
  6.1009689e-03
 -7.2536441e-03
  3.4609165e-03
 -3.1905849e-03
 -4.6156296e-03
  3.3976278e-01
  1.7940439e-02
  1.5900563e-03
  1.1160361e-01
  1.7773231e-02
  2.3325698e-02
  1.1044226e-04
  1.0232044e-02
  2.9058782e-02
 -7.5923000e-03
 -5.1242872e-03
  4.3418612e-03
 -8.6579397e-03
 -2.3924164e-03
  4.1416138e-02
  3.3710215e-03
 -4.0096626e-02
  2.2518411e-02
 -2.2497196e-03
 -1.4923429e-02
 -1.9425692e-03
 -3.9388016e-03
 -1.9723343e-02
 -2.8132340e-03
  1.0171829e-02
 -1.1437817e-02
 -1.2459386e-02
  1.0502339e-02
 -6.7032999e-03
  1.0722557e-02
 -5.9114960e-03
  7.8619346e-03
 -2.0849882e-03
  2.1019434e-03
  3.4013407e-03
  1.4078811e-01
  1.2890493e-02
 -4.2601209e-03
  1.6889317e-02
  3.8494521e-03
 -3.0616841e-03
 -1.4972244e-02
 -1.0182031e-01
  1.3644733e-02
 -5.0060079e-03
  1.0087265e-03
 -1.7732805e-02
 -4.1923276e-03
  1.4719193e-02
 -1.0538559e-02
  2.7799611e-03
 -1.8414306e-02
 -2.3248978e-02
 -6.0151011e-04
  1.5627103e-02
 -9.2821410e-03
 -2.1365760e-03
  6.0218722e-03
 -1.4268975e-02
 -1.1067236e-02
 -7.5081587e-03
  1.0864737e-02
 -2.7679070e-03
  2.5031373e-02
 -9.6304351e-03
 -2.7643744e-02
  2.3911498e-03
  3.1264728e-01
 -4.2196708e-03
  1.8150508e-02
  9.7495737e-03
 -1.8432895e-03
  3.4365091e-02
 -2.8353408e-02
 -6.7403056e-02
 -2.9130459e-02
 -1.9538421e-02
  1.4414219e-03
  3.2181395e-03
  1.4327657e-02
 -4.7895811e-03
  7.7595771e-03
 -9.2960174e-05
 -5.6931704e-02
  2.3896794e-01
 -1.5370202e+00
 -6.5390361e-03
 -1.0355435e-02
  2.8664588e-03
  1.9125488e-03
 -1.8056473e-02
 -4.2699344e-04
 -4.5457426e-03
  1.1813315e-03
  1.7048306e-04
 -8.3715141e-02
  2.3534591e-03
 -1.4022006e-02
  9.0881186e-03
 -7.9986081e-03
 -9.5614316e-03
  1.3612671e-02
  2.1775822e-04
  3.1202570e-01
  2.2689573e-02
  1.9549183e-03
 -1.0405132e-02
 -6.9828974e-03
 -1.3126901e+00
  7.5640845e-01
 -1.8298873e+00
 -4.3651074e-01
 -8.7587488e-01
 -8.0736861e-02
 -1.1744825e+00
  1.0990485e+00
  1.1185815e-03
  1.9813469e-03
 -1.6730675e-01
  5.1681087e-03
  1.1520841e-02
 -2.9241506e-02
 -2.2241426e-01
  2.4229448e-02
  3.8865143e-03
 -3.4838859e-02
 -3.6438367e-01
 -3.8357932e-02
  4.8772700e-04
 -1.6206092e-03
  2.8403604e-03
 -2.2809768e-02
 -6.2069260e-03
 -1.6902241e-01
  2.7603236e-01
 -4.4699937e-01
 -2.0970544e-02
  3.3514816e-02
  6.2565454e-03
 -2.9958703e-02
 -2.2196375e-02
  4.4700116e-02
  1.2612322e-01
  4.9456403e-02
 -1.0063219e+00
 -9.3192821e-03
 -4.7248988e-03
 -1.7618010e-02
  1.3105252e-02
 -1.6765587e-01
  2.0192909e-01
 -1.8475540e-02
 -5.9451897e-02
 -7.9792246e-02
  1.6980415e-02
 -7.4655637e-02
  9.4768656e-03
 -1.7781429e-02
 -1.4013861e-01
  1.0903995e-02
  1.7224097e-01
  1.4274878e-03
  1.0731093e-02
  2.6362348e-02
  1.2607028e+00
 -3.5492677e-04
 -3.6058918e-02
 -2.7013268e-02
  1.2673774e-02
  1.8267294e-03
  8.2043940e-03
  1.7240109e-01
 -2.1773674e-04
  3.6030397e-02
  1.5265479e-03
 -4.1911844e-03
 -2.2190989e-03
  3.4990858e-02
 -3.5813055e-03
 -2.1593325e-02
  1.7100614e-02
  8.8303145e-03
  2.0726873e-02
 -4.4836225e-03
 -2.8220763e-02
  1.9006195e-03
  1.9550765e-02
 -9.3666240e-05
 -1.0173696e-02
  1.0350211e-02
 -1.4977569e-02
  1.7498350e-03
  5.4564135e-04
 -1.7402658e-02
 -1.2408523e-02
 -1.5303841e-02
 -5.7273116e-03
  1.4632418e-03
  1.2818383e-03
  9.4615277e-03
 -1.1104903e-02
  8.3680144e-03
 -1.1529782e-02
 -2.2791471e-02
  6.6164888e-02
  2.6684723e-04
 -6.0078558e-03
  4.4740071e-03
 -1.9135270e-02
 -2.8702987e-03
  1.8171214e-04
  9.0691792e-03
  3.4965167e-03
 -1.4817253e-02
 -1.1826645e-02
 -6.6170734e-03
 -2.7400306e-01
  2.2634573e-02
  4.1204683e-02
  2.2934633e-03
 -5.3688318e-01
 -1.7832813e-01
 -6.5578550e-01
  1.6285589e-01
  1.1630533e-02
 -3.0080887e-02
 -1.9829577e-02
  6.9500664e-03
 -3.9596045e-03
 -8.4347995e-03
 -5.9046276e-02
 -7.2028297e-03
  1.9022655e-02
 -4.0213525e-04
 -6.3865349e-02
 -6.7581433e-01
 -7.1316779e-02
 -1.2647800e-02
  5.0901111e-02
 -1.2963268e-02
 -2.9298134e-02
  4.9625807e-02
 -1.4281124e-02
  2.7308062e-01
  6.0570058e-03
 -7.4291742e-01
 -3.0058483e-02
 -1.0990572e-02
 -3.0371100e-03
  3.2664265e-03
  1.2329346e-02
  7.2719487e-03
 -2.0926394e-01
 -1.5115601e-02
 -1.3814308e-01
 -2.3970334e-03
 -2.2985561e-01
 -4.8156623e-02
  6.1194513e-02
 -3.2099640e-01
  5.3609151e-02
 -4.6683144e-02
  3.8754360e-03
  8.1123778e-04
 -1.1316686e-03
  1.7887427e-03
  3.1898880e-01
  5.2399682e-03
  9.5954430e-01
 -2.9814264e-02
  2.4268152e-02
  4.9789295e-02
 -4.5068257e-02
 -1.7889328e-02
  7.3092082e-03
  8.1836199e-03
  4.4534300e-03
  3.3455703e-02
  1.2050658e-02
  4.0767319e-03
  1.7720340e-02
 -4.1010864e-02
  9.5777661e-03
 -5.2675423e-03
  1.0308807e-02
 -1.0495896e-02
  5.9183119e-03
 -2.5913506e-03
 -6.0827401e-03
 -3.6849331e-02
  7.4233459e-03
 -1.2431671e-02
 -4.3768149e-02
 -2.9404891e-01
  1.9303025e-03
 -1.8569535e-03
  4.5502609e-01
  1.8300073e-02
  7.2641070e-03
 -1.9614846e-03
 -2.2872693e-03
  5.3881895e-02
  4.8202835e-03
 -1.0780535e-03
 -5.5368892e-03
  3.7377311e-03
  4.2911414e-03
 -2.2295635e-04
 -2.0584265e-02
 -8.5649891e-03
  5.5071148e-03
  1.6279881e-03
 -2.0987500e-02
  2.6432460e-02
 -1.2478629e-02
  4.2511793e-03
  2.8744182e-03
  1.7264310e-02
 -4.4111065e-03
  1.4533906e-01
  8.3755367e-03
  7.8306636e-03
 -1.2186662e+00
  3.1735392e-03
  1.6124629e+00
  1.8729283e+00
 -2.8746289e-01
  6.7500496e-01
 -1.7060376e+00
 -8.0631864e-01
 -1.0037220e+00
 -7.6437867e-01
  8.1695847e-02
 -7.2291434e-02
 -4.4914640e-02
  3.1034738e-01
  1.9006486e-01
 -7.3563550e-03
 -2.6427788e-01
  5.3443190e-02
  1.1946879e-01
  2.0205821e-01
  1.0567936e+00
  5.0837792e-02
  1.4478136e+00
 -7.8803279e-02
 -2.6485124e-01
  6.2520117e-01
 -1.6658254e+00
  9.4565190e-03
  3.8878965e-01
  1.0913478e+00
 -4.7508053e-02
  1.3786819e+00
 -3.1914562e-01
  3.2313552e-01
  3.2798916e-01
 -6.1998725e-01
 -7.2757371e-02
  1.7280316e-01
  1.3386413e+00
  8.3680385e-01
  1.2186345e+00
  8.0713341e-03
 -6.8460834e-01
  2.3647460e-01
 -1.3236253e-01
 -9.6695930e-01
  2.1642929e-01
 -7.3057391e-02
  2.9571046e-04
 -9.6254218e-03
 -1.1943007e-02
 -1.9573580e-02
 -1.0187393e-02
 -6.1800286e-02
 -6.5095676e-03
  6.6470131e-02
  1.6698673e-02
 -4.3942095e-03
  2.1114364e-02
  3.1679977e-02
  1.2631459e-02
 -1.5645150e-02
  3.7268538e-02
 -8.9816421e-01
  1.6848851e-02
 -4.1571163e-02
  2.7169508e-03
 -1.4037396e-02
  9.4005078e-02
  1.2204577e-02
  2.0216249e-02
 -1.0193910e-02
 -1.6465725e-02
 -1.4784033e-02
 -6.5777102e-03
  4.8225300e-04
  5.4902360e-03
  7.3491241e-04
  3.7042671e-04
 -4.3737724e-02
  1.3385501e-03
  3.7503142e-03
  2.6689526e-02
 -6.3852116e-02
 -1.9572007e-02
  2.0701876e-02
 -1.5436728e-02
 -1.3501111e-02
  2.9287650e-03
 -2.2210423e-02
 -5.7724626e-03
 -1.3199307e-01
  6.1654812e-03
  1.1154977e-02
  1.5050524e-02
 -1.8388171e-02
 -8.3954056e-04
 -3.1230315e-03
 -3.9332990e-02
  4.4308496e-03
 -5.2653804e-02
  1.8317491e-02
 -7.6285806e-03
  3.2353762e-03
  8.8902400e-04
 -2.1782389e-02
 -2.5127714e+00
 -1.0829244e-02
  3.2629222e-03
  4.3054260e-03
 -4.9441340e-03
  8.6287211e-04
 -1.7209944e-03
 -6.8448903e-03
  9.0444466e-04
  1.5953854e-01
 -5.7785143e-03
  3.3210970e-03
  1.2021432e-02
  5.7205143e-03
 -5.3255172e-03
  1.1461162e-02
 -1.3926778e-03
 -2.4010519e-02
  7.2759967e-03
 -1.6082549e-02
 -3.1507134e-02
  1.6213456e-02
 -9.5846681e-03
  1.2310593e-03
  4.4822093e-02
  1.1783843e-02
  3.2558100e-04
 -2.3099344e-02
 -6.4952797e-03
 -7.7741984e-03
 -7.1041151e-03
 -5.6039423e-02
  1.5263013e-02
 -1.4590417e-02
 -1.5290672e-03
 -1.4975381e-02
  4.2112224e-02
  4.6722800e-03
  1.7231542e-03
 -2.6851236e-03
  1.7633836e-01
 -7.3147416e-03
  2.7336208e-02
 -8.1277238e-03
  2.5735062e-03
  1.9988192e-04
 -2.0000122e-02
 -2.6342329e-02
  5.8104474e-02
 -9.6925553e-03
  1.5733216e-02
  2.4651449e-02
 -4.0633618e-05
 -1.7669648e-02
  1.7236222e-02
  2.6705138e-02
  1.1908902e-02
  2.4966657e-02
  3.5155511e-01
  1.1202992e+00
  2.4137988e+00
  5.0912961e-02
 -7.4224524e-02
 -4.9433351e-01
 -3.8321766e-01
 -6.8736881e-02
 -6.1916118e-03
  4.8553479e-01
 -2.5258574e-01
  3.1160039e-01
 -7.1014100e-01
  2.5774980e-02
 -1.6622068e-01
  7.7364761e-03
 -2.2347367e-01
 -2.3356739e-01
 -2.0727791e-01
 -2.7433399e-02
 -1.8184352e-01
 -5.3476095e-02
 -4.5301385e-02
 -3.1206267e-02
  3.6841270e-02
 -1.0438668e-02
 -7.1754909e-01
  4.3537211e-01
  6.8433513e-04
  8.1009895e-01
 -1.7408331e-01
 -1.3983115e-03
  2.7057836e-03
  4.4151489e-03
  5.9614006e-02
 -4.3628445e-01
 -4.3212938e-01
 -2.7822679e-02
 -1.6066412e-02
 -7.7996973e-04
 -2.9300237e-02
 -3.3442780e-01
 -1.0805890e-01
 -2.6404491e-01
  3.8085453e-02
 -1.9856598e-02
  3.5602521e-02
  3.0944871e-03
 -1.1116494e-02
  3.1166948e-02
 -1.0677072e-02
  7.2997943e-03
  6.0010426e-02
 -6.1860052e-03
  1.2106252e-02
 -4.0279478e-02
  3.3141536e-01
  5.7547139e-03
 -1.6141269e-02
 -8.9317936e-01
 -4.3797377e-03
  8.0454908e-03
  1.1898398e-02
  6.9675860e-03
 -5.1995084e-02
  1.5941486e-02
  3.5445858e-02
  1.1766723e-02
 -2.3923343e-02
  4.3385490e-03
  3.0725894e-03
  3.5757867e-03
 -6.9964575e-03
  7.4713980e-03
  2.2392962e-04
  4.5049708e-02
  6.7718402e-03
  9.6990727e-03
  1.1665390e-02
  1.8424354e-01
  6.0622103e-04
 -3.4567813e-04
 -1.7380619e-02
  9.1149323e-03
 -6.7552370e-03
  1.3947041e-02
  2.5379991e-03
  2.6709589e-01
 -1.8548694e-02
 -1.3342068e-02
 -2.9105493e-03
 -2.8739965e-03
 -2.9572012e-02
  5.1894900e-04
  4.8815716e-02
  9.6014664e-03
  1.1854623e-02
 -1.8904183e-02
  1.0036577e-02
  2.0957210e-03
  3.7869461e-02
 -1.1437582e-02
  6.4950632e-03
 -2.6693372e-02
  4.1307605e-05
 -8.6851465e-03
 -8.8650100e-03
  4.5752870e-03
 -2.2695836e-01
  1.1416085e-02
 -7.7713691e-03
 -1.3601717e-02
 -1.1092045e-02
  1.0635655e-02
 -2.0224212e-02
  1.4200840e-03
  1.1432971e-02
  8.9583807e-02
  4.5149485e-03
  2.0203113e-03
 -1.9442751e-03
 -2.4757663e-02
  3.1662367e-03
  1.5704397e-02
  3.8595786e-03
 -6.5824221e-04
  1.0862576e-02
 -7.0809242e-03
  1.7001323e-02
  1.6323354e-02
 -3.2162238e-03
 -7.4801438e-02
  5.6715528e-03
  1.6888926e-03
  1.4152326e-02
  1.5300684e-02
  4.3593235e-03
 -2.9550591e-02
 -2.2462349e-02
 -1.1868232e-02
 -2.0856818e-02
  1.3283364e-02
 -4.9461574e-05
  2.5513346e-04
 -4.4150311e-03
 -1.3427589e-02
 -1.6787596e-03
  6.1194706e-03
 -2.9159992e-03
  7.0084762e-03
  6.9279666e-03
  3.7861706e-04
  2.1170989e-02
 -8.8564707e-03
  1.4650460e-02
 -1.2743674e-02
  1.6010428e-02
 -2.5262909e-02
  3.6852155e-02
  7.0548714e-03
 -3.2840867e-02
  9.0693310e-03
 -2.1993156e-01
  1.5591800e+00
 -1.7960439e+00
  3.8264661e+00
 -1.6302299e-01
  2.3673441e-01
 -5.0270748e-03
  3.8467344e-02
  2.1520409e-01
 -2.8359106e-01
 -4.7446646e-02
 -1.2146039e-01
 -1.1683606e-01
  2.1227917e-02
  5.1906011e-03
 -6.4671212e-01
 -5.8718249e-02
  2.0500098e-01
 -5.1441312e-01
 -1.3280869e-01
 -5.1191235e-01
 -7.1593747e-02
 -5.9211504e-01
 -2.1223407e-04
 -6.7889675e-02
  1.3177678e-02
  1.3438407e-01
  1.8642978e-01
 -4.5909961e-03
 -1.4144705e-01
  6.8504973e-03
  4.6925485e-02
  4.5372048e-01
 -3.9795533e-01
 -3.6130693e-02
 -6.6720444e-01
 -1.6451862e-01
  1.6348641e-01
 -8.5193194e-02
  1.7284937e-01
 -7.7105153e-01
  5.0237799e-01
 -1.1509778e-01
 -1.7305127e-01
 -1.3768591e-01
  4.8440169e-03
 -1.8741347e-02
  8.6280182e-03
 -6.5397872e-03
  9.4424095e-03
  2.6026214e-04
  3.2346132e-05
 -2.8026119e-02
  1.1402834e-01
 -5.9316843e-03
 -3.7239499e-03
 -1.1648626e+00
  9.6477391e-03
  8.0946283e-03
  1.3126828e-02
  3.3101526e-06
 -2.8229175e-02
  5.1223133e-02
  8.0975518e-04
 -5.1374757e-04
  3.3515941e-03
 -3.8583558e-02
  1.4361712e-02
 -5.4192514e-04
  1.4779844e+00
 -8.0362707e-03
 -2.3230617e-01
  6.3346587e-03
 -1.7786818e-02
  5.4328963e-03
  3.1489786e-02
 -3.5886446e-03
  1.2882291e-02
  3.1912789e-02
 -7.6569291e-03
  1.6019167e-02
 -9.2548169e-03
  2.4873082e-02
 -2.6521681e-02
 -3.2462396e-03
 -2.8276173e-03
 -3.6278127e-03
  3.8641904e-02
 -1.2567911e-01
 -3.1657920e-03
 -8.7107606e-02
  2.7544631e-02
  3.1015290e-02
  2.6486611e-02
  1.0494509e-03
 -5.9563909e-02
 -9.6511841e-03
 -2.5235252e-03
 -1.0186099e-02
 -1.0442171e-03
 -2.7131680e-03
  2.5694525e-01
  5.3368397e-02
  4.2069443e-03
 -5.2009663e-03
  1.4484057e-02
 -4.9562599e-03
 -2.2430194e-03
 -1.7393817e+00
 -4.5759472e-01
  1.6643628e-01
 -2.5795105e+00
  4.0159595e-01
  2.3167096e-03
 -8.3289081e-01
  6.5951455e-01
 -2.2862492e-02
  6.7667849e-04
 -8.7697705e-04
  1.2151072e+00
  9.5915375e-03
 -5.5462555e-03
 -2.2557324e-01
 -4.1539222e-01
 -2.3543837e-03
  1.0236158e-04
 -4.1047294e-02
 -4.6358085e-03
 -2.7803538e-02
  1.3205227e-02
  2.0103207e-02
  3.1013453e-02
 -8.0584278e-03
  8.6359754e-03
 -3.8510696e-03
 -2.4569799e-01
  6.7550144e-03
  2.1332607e-02
 -4.3242802e-03
  7.2473269e-03
  4.4020284e-02
 -3.1366141e-03
  4.3020263e-02
  3.8400493e-03
  1.1610371e-02
 -2.4625778e-02
  1.0727762e-02
 -3.2161975e-03
  1.5786791e-02
 -4.8153277e-02
 -9.3065369e-01
  9.8904828e-03
 -1.1476779e-02
  1.8183457e-02
  9.3651805e-03
  6.1314367e-03
  1.0181581e-02
  9.1515612e-03
 -2.1253678e-01
  5.7097420e-04
 -4.0923716e-03
 -1.1201968e-02
 -1.2123872e-02
 -3.8505293e-02
 -9.9457040e-02
  8.7760913e-04
 -1.3621751e-02
 -2.3286541e-03
  1.3164799e-02
  9.0891564e-01
  1.8757531e-02
  1.8473033e-02
 -2.1814527e-03
  4.4849150e-02
 -2.2266205e-02
 -1.6993996e-02
  2.2760052e-02
 -1.6149866e-03
 -6.5283170e-03
  7.5770272e-03
 -3.4392450e-03
 -1.0122191e-02
  1.3280471e-02
  1.9816391e-03
 -7.8110904e-03
  6.6753225e-03
 -3.1896285e-03
 -3.8880229e-02
  1.4496143e-03
 -1.1491635e-02
 -2.3097515e-02
  2.3506792e-02
  6.4951635e-04
  3.0465841e-02
  4.2166407e-03
 -1.2329102e-02
 -1.8596632e-04
  2.3702437e-02
 -5.0511444e-03
 -2.4551313e-02
  4.7116868e-02
  3.9045787e-03
  5.9380485e-03
  3.7773699e-02
  2.1252174e-04
  6.7191757e-03
  8.4461067e-03
  1.2211397e-02
 -1.9402957e-02
  4.4361606e-02
  1.3194936e-02
  4.5254915e-03
  2.5158164e-01
  3.7014004e-02
  1.8885961e-02
 -1.9225712e-03
 -2.2511593e-01
  9.9299327e-02
 -1.6282204e+00
  1.4474589e+00
  9.3657142e-01
  2.2422724e+00
  8.2777047e-01
  1.8918027e-01
  6.7497544e-02
  3.3509185e+00
  1.3243179e-02
  1.9077338e-01
 -2.9351346e+00
 -8.0342758e-01
  1.1495317e-01
  1.0484033e+00
  1.5061386e-02
 -2.0676112e-01
  1.7425237e+00
  5.1006675e-02
  8.8285613e-01
 -2.0157044e-01
 -8.6592101e-02
  1.1589270e+00
 -1.4833120e+00
  4.6861905e-01
 -9.1403797e-02
  7.9173237e-01
  2.0650254e-01
 -1.0374556e+00
  2.5655688e-03
  7.0902276e-01
 -1.2565129e-02
  6.0247993e-01
 -1.5807471e-01
 -6.7438789e-02
  5.3897421e-03
 -3.3189394e-02
  1.3599259e+00
  3.4589857e-01
  3.4237444e-01
  1.3964717e+00
 -8.3410293e-01
 -5.0596390e-02
 -7.2414935e-01
  1.6735722e-01
  1.6816309e-02
  1.1367014e-01
  1.3464360e-03
  5.0062682e-03
  9.7069796e-03
  2.1482119e-02
 -5.9816997e-02
  8.0263801e-03
 -3.8106433e-01
 -1.4966792e-01
 -1.2318710e-01
 -7.7803099e-01
 -1.2837364e-01
  4.1343412e-01
  5.4259282e-01
 -2.2007853e-03
  1.9360336e-03
 -3.4577444e-02
 -2.2294989e-03
 -7.7749952e-03
 -8.5213751e-01
 -1.7583797e+00
  1.3222094e-01
 -1.5013675e-01
 -2.8027505e-01
  2.1844218e-02
 -1.7083582e+00
  5.2373116e-03
  3.4409028e-01
 -3.7946525e-01
  6.4858311e-01
  7.2516561e-03
  6.6723235e-02
  5.0422087e-02
  2.1259373e-01
  1.1258254e-01
  6.1206575e-02
 -1.0233320e-01
 -8.6894639e-02
  1.5712492e-01
  3.1437457e-01
 -6.2681958e-03
 -2.7280235e-01
  1.1889384e-01
 -2.4455331e-02
  2.4157219e-02
 -8.7395839e-02
  6.5251514e-03
 -2.6486520e-02
  1.3685021e-01
 -1.9164902e-01
 -9.3815759e-02
 -7.5696951e-01
  1.1368092e-02
 -5.0492291e-03
 -7.0690401e-03
 -1.8836031e-02
 -3.1618946e-03
  3.1826067e-01
  2.4067268e-03
 -4.5025915e-02
  6.9336972e-04
 -4.3741685e-01
  9.3444532e-01
 -2.3441570e+00
  7.2736388e-01
  5.4858495e-03
  4.6691995e-02
  2.5157678e-01
  4.8238027e-01
 -4.8555201e-03
 -5.0987583e-01
  7.2780468e-02
  6.4443937e-03
 -2.6556056e-02
  1.0370912e-01
 -2.6490894e-01
 -1.9270711e-01
  1.3463174e-02
  3.3382207e-02
 -2.0238206e-02
  7.9006162e-03
 -7.9508895e-01
 -4.9605891e-02
  5.2040936e-03
 -4.4326857e-02
  8.4928758e-03
 -1.2565241e-02
 -3.0735996e-02
  5.2993257e-02
  1.2497636e-03
  2.1109084e-02
  7.5538522e-01
  1.5143681e-01
 -8.1768696e-04
 -5.4526597e-01
 -2.5720333e-03
 -3.6917195e-02
  6.6921152e-02
  3.0219583e-02
 -1.3927591e-02
 -1.6490798e-02
  2.3621600e-02
  9.0209488e-03
  1.2631325e-02
 -2.0751019e+00
  1.9351268e-01
 -1.5576406e-03
 -3.9778417e-03
 -1.9880894e-01
 -1.1277081e-02
  1.1594051e-03
 -1.9220680e-02
 -4.4537377e-02
 -4.4482704e-02
 -9.3557969e-02
  6.6390961e-02
  2.6577625e+00
  1.1309637e+00
 -7.2795653e-01
 -1.9586389e-01
 -3.4410173e-01
 -5.3728920e-01
  1.1974804e+00
  5.8097634e-02
 -9.3016721e-02
 -1.2772183e-01
 -7.4586362e-01
  2.7831113e-01
 -7.1096528e-01
  1.0352464e+00
 -8.3324665e-01
  9.0969488e-02
 -7.5299680e-02
  6.5442428e-02
 -7.2072111e-02
 -7.6721179e-01
 -6.6456944e-02
 -4.0267619e-01
  4.2958628e-02
 -5.4061953e-03
  3.3359911e-02
 -7.7134246e-01
  4.2371252e-03
 -2.9040590e-02
  6.4823493e-02
 -1.0621373e-02
 -1.0724013e-01
  6.0729903e-01
 -5.4408822e-02
 -2.6218588e-03
 -2.2614266e-01
  7.7261692e-01
  1.8713133e-02
  7.6538485e-01
  7.9655111e-02
 -4.8571709e-01
  2.4496374e-01
  1.9346714e-03
 -2.7360919e-01
  1.3296434e-01
 -1.3541839e-02
  7.5187340e-02
  7.7073854e-01
 -3.7885546e-03
  3.7296584e-03
 -1.5793626e-01
  1.6069175e-03
  2.2689092e-03
  5.3148484e-01
  1.8042313e-02
  6.4969370e-03
 -9.3826745e-03
 -3.0932188e-02
  1.6891433e-02
 -2.8767791e-03
  1.9060235e-02
  1.1217219e-03
 -2.2401234e-02
  1.5056620e-02
 -4.4366673e-02
  5.3540338e-03
  1.6940769e-02
  5.5185058e-03
 -3.4412802e-03
 -1.8001714e-03
 -1.7228242e-02
  3.7474204e-02
  3.5272563e-01
  2.8660685e-02
  4.8900992e-03
  2.4254620e-03
  6.2793911e-02
  5.8672152e-02
  3.4043030e-04
  1.3474005e-02
 -8.1265485e-03
 -1.1812756e-02
  7.6326625e-03
 -1.1562743e-01
 -2.7982157e-03
  1.7507458e-03
 -9.9944379e-03
  5.6987763e-03
  5.7110674e-04
 -2.6982585e-02
  1.6950246e-02
  2.3142507e-02
 -8.2456265e-03
  1.5513541e-03
  2.8141866e-02
  1.9466396e-02
 -3.1435434e-02
  6.4470577e-03
 -2.8352048e-03
 -8.5225469e-03
 -2.9986254e-03
  6.9186892e-03
 -3.4946115e-03
  8.1604673e-04
 -1.3417787e-02
 -2.0257443e-02
  1.6100386e-02
 -8.5364131e-04
 -7.2168629e-03
  9.7557503e-01
  4.8629013e-01
 -6.3694853e-01
 -7.1320687e-03
  5.0135595e-01
  4.3342955e-02
 -4.0059406e-02
  1.6042856e-02
  4.8034495e-01
  1.2815091e-01
  6.7851745e-02
  1.0443247e-03
  9.8865867e-02
  2.4570996e-02
  3.2744464e-02
  2.5009848e-02
  4.3469259e-01
  1.6008861e-01
  3.0923070e-02
  1.7659743e-01
  5.6642555e-03
  3.5196436e-03
 -8.9483347e-04
 -3.2984777e-03
 -1.3803867e-02
  9.3483746e-02
  3.9760720e-02
 -1.9609500e-02
 -5.5651581e-01
 -1.8978468e-03
  2.5243360e-01
 -6.9972691e-03
  2.8713658e-02
  1.5861216e+00
  2.7565160e-01
  2.1238595e-03
  5.0534070e-02
 -1.0952611e-02
 -2.4724785e-02
  4.5286052e-02
  1.2152338e+00
 -2.7295595e-01
  2.2295838e-02
 -1.9584123e-02
  1.6975788e-02
 -1.0417540e-02
 -7.4653248e-03
  1.9428283e-02
  9.0304976e-03
 -1.4271323e-02
 -3.8634210e-03
  1.0146785e-02
 -1.7501596e-02
  8.2298882e-02
 -2.1331508e+00
 -2.9448685e-01
  1.4715189e+00
  1.2314522e+00
 -3.8767508e-01
  1.4856921e-03
  1.1391510e-01
  7.2987306e-01
 -9.0619594e-01
 -7.3144495e-02
 -2.2111216e-01
 -3.2142953e-03
 -5.4854684e-02
  5.9663584e-03
  5.4256017e-03
  1.3623285e-01
  1.9875183e-03
  3.8804140e-02
  4.8404746e-03
  8.1177449e-01
  4.3487255e-03
 -5.3472942e-01
  8.5821571e-03
 -3.7023312e-01
  4.3549398e-01
  6.6562808e-01
  6.0354330e-02
 -5.7172631e-03
  1.6205274e-01
 -2.8861085e-01
 -2.2986043e-02
  3.7476230e-02
 -3.1231862e-01
  2.0909880e-01
 -2.7536166e-01
  2.5716761e-02
  8.0766046e-01
 -3.2625836e-03
  2.5338757e-01
 -1.4305030e-01
  6.5164018e-04
  5.0715441e-03
 -9.2153862e-02
 -1.1111792e-01
  4.6812590e-02
 -1.0577666e-02
  1.2565609e-03
 -3.5293818e-02
  5.2561183e-02
 -1.4123139e-03
  1.0544144e-02
 -3.3959388e-04
  1.3444263e-02
 -1.1861078e-02
 -5.4335676e-04
  7.2242089e-02
 -1.6946405e-01
 -6.3187405e-02
 -9.6350405e-03
  1.2895064e-02
 -3.4491099e-02
  2.4429541e-03
  1.6744433e-02
 -3.0776324e-02
  2.9329453e-03
  6.8573445e-01
  3.0689904e-02
  6.7610592e-03
 -1.0545573e-02
  1.7112710e-02
  2.2111537e-02
  1.7486848e+00
  1.3566772e-02
 -2.1337273e-02
  1.8151937e-02
 -2.3635538e-02
 -4.9274422e-02
 -3.2874919e-02
  9.2152720e-03
 -2.2792082e-02
 -5.4075434e-03
  9.9474639e-03
 -6.6362801e-03
  1.3920045e-02
 -3.0395326e-03
  1.3523413e-02
 -8.6652059e-03
 -2.4156950e-03
 -4.6043448e-02
 -2.3092348e-02
  3.2011591e-02
 -8.8603832e-03
  5.2951840e-03
  1.0452086e-02
  1.8336531e-02
 -8.2664620e-03
 -3.5953363e-03
 -1.6879490e-02
  1.2708653e-03
  3.4790032e-02
 -7.0449663e-03
 -3.3288440e-03
 -3.9493032e-02
 -1.6043497e-02
 -7.1478346e-03
  1.2376689e-02
 -7.8811152e-03
 -1.4226149e-04
 -9.3011436e-04
  1.5773182e-01
  1.8073019e-02
  3.1105818e-02
 -1.2039410e-02
  1.9880567e-02
 -7.9598296e-03
 -3.5497129e-02
 -2.0503148e-02
 -1.1156702e-03
  4.3268848e-02
 -3.0258326e-02
 -1.8576514e-02
  1.2501103e-01
 -9.6513907e-04
  5.2967515e-02
 -1.8605020e-02
  1.1578174e-02
  9.9091344e-03
  6.4727343e-03
 -1.9403845e-02
 -1.0221457e-02
  6.8874442e-04
 -1.5124215e-02
 -7.0727139e-04
 -2.0338904e-02
 -3.4372376e-03
 -2.3804931e-03
 -3.0519871e-02
  5.8527412e-03
  3.1436097e-02
 -2.9324123e-03
 -3.2363927e-03
  1.1076845e-04
 -1.5500597e-02
 -2.5933280e-03
  4.8886018e-04
 -1.9417694e-02
 -1.0031748e-03
 -3.7213989e-02
  8.3483088e-01
 -2.9489782e-03
  7.5923866e-03
  6.7636662e-05
 -7.2474040e-02
 -1.5715040e-02
 -1.5643024e-03
 -1.6652267e-02
 -6.5094298e-03
  1.3927839e-03
  1.1469554e-03
  1.2145964e-02
 -3.7317500e-02
 -1.3355686e-02
  7.1245715e-02
 -5.6413445e-04
 -2.6329506e-02
 -1.1684529e-02
 -4.2749874e-02
 -1.4069985e-02
  4.4595958e-03
  5.3418311e-03
  3.5694290e-02
 -1.8031612e-02
  3.4070774e-03
  4.2142859e-03
  1.2282757e-03
 -6.8014121e-04
  3.1026278e-02
 -1.4705688e-02
  1.5843436e-02
 -1.4743711e-02
  1.2727877e-02
  8.6486191e-03
 -3.0493303e-03
  2.0853359e-02
 -1.9089883e-02
 -4.1121878e-02
  6.6563915e-03
  2.1224527e-03
 -1.6623795e-02
  1.7491393e-02
  1.2210058e-02
 -4.4767354e-03
  3.2866227e-03
  1.5517859e-02
 -2.8230315e-03
 -1.3533304e-02
  1.2160344e-02
 -1.1952122e-02
 -1.3716808e-02
  1.5051167e-03
 -7.8505659e-03
  2.0743394e-02
 -2.1888889e-02
  2.1412794e-03
  5.9900400e-03
  9.3168402e-03
 -3.4061592e-02
 -8.0226280e-02
 -1.8348041e-03
 -5.8984538e-03
 -6.8884017e-03
  3.0656237e-02
  2.0447791e-02
  8.8396847e-02
  1.4768410e-02
  7.6467902e-03
 -1.8768225e-02
  7.0926738e-03
  3.7001051e-02
 -1.0813383e-02
  5.9080059e-03
  5.5897953e-03
 -5.7989295e-04
  1.1918477e-02
 -1.6383845e-02
  2.5502861e-02
  1.0253542e-02
  4.6026442e-02
 -1.1256737e-02
 -3.8320255e-03
 -5.7112374e-03
  4.0930599e-02
 -1.9865306e-03
  1.3682864e-03
 -5.0792973e-03
  2.5906654e-03
 -1.7387967e-03
 -3.3193741e-02
 -6.0323407e-03
  2.7615033e-02
  4.2928038e-03
  2.0549411e-02
  2.7198931e-03
 -1.3159762e-02
 -5.5333055e-03
 -1.3164703e-02
 -2.4041411e-02
  3.0383025e-03
 -7.7002454e-03
  9.4228759e-02
 -2.6903961e-02
  1.8017373e+00
  8.2188556e-03
 -1.6019201e-02
 -1.1837186e-02
  3.2783940e-01
  3.1745213e-04
  2.5164303e-03
  1.1556411e-02
 -1.1491148e-02
 -8.3606457e-03
 -9.5884642e-03
 -3.2749837e-03
  2.6713323e-02
 -2.4315139e-02
  1.4545852e-02
 -1.7962627e-02
 -6.7183259e-03
 -3.0020528e-02
 -1.8440631e-01
  8.0625348e-02
  6.8429761e-02
 -1.3483308e-01
  3.1792857e-02
 -7.6185428e-02
 -3.5033387e-01
  1.9118449e-01
 -4.5849388e-03
 -2.7847784e-02
  1.6117372e-02
 -9.8627573e-03
  1.0726275e-02
  4.1544709e-02
 -1.1596712e-02
 -2.5422590e-02
  3.1486752e-03
 -4.4510771e-02
  2.9337030e-02
  5.2186467e-02
 -4.3198285e-03
  1.6120922e-02
 -3.9685354e-02
 -2.5668538e-01
 -1.2508937e-02
 -1.5286729e-01
 -6.1169937e-02
  3.2806352e-02
 -9.0090804e-02
 -1.3549048e-01
 -2.6272178e-02
 -4.1398935e-02
 -1.3220516e-01
 -3.3037387e-02
 -3.6326379e-03
 -4.4604125e-03
  1.0511249e-01
 -3.5037462e-02
 -3.4832391e-01
 -4.4755074e-03
  9.8048151e-02
 -1.8585721e-03
  3.1341136e-02
 -4.0914249e-04
 -3.7222168e-01
 -5.1520192e-03
 -2.9864816e-03
 -4.2954050e-03
 -5.8478597e-03
 -1.0685585e-02
 -9.2161059e-02
  1.5472170e-03
  7.5092437e-03
  7.2531817e-03
  1.9623164e-02
 -1.1342091e-03
 -2.9906651e-02
  6.8369005e-03
  6.0188449e-03
 -1.3734200e-02
  7.8578992e-03
  3.1117965e-02
 -2.2235172e-02
  1.2502725e-03
 -5.1993001e-02
  1.0058518e-02
  2.6609078e-03
 -1.8359652e-02
 -5.3455499e-03
 -7.1798605e-03
 -2.0238620e-03
  4.7083623e-03
  9.5850779e-03
  2.6363879e-03
  2.9050777e+00
 -1.6425101e-02
 -3.8735182e-03
 -3.3529270e-02
  1.0895161e-03
 -4.0580267e-03
  7.6910853e-03
  8.1762439e-03
  3.9885030e-03
 -5.1507712e-03
  1.4275971e-03
  7.7899843e-03
  5.0889850e-03
 -1.8033935e-02
 -1.3450135e-02
  3.4147421e-01
  3.0706520e-03
 -1.4980211e-02
  7.7458066e-03
  2.9627103e-02
  1.6367202e-01
  2.8453475e-02
  5.4184869e-02
 -1.9177356e-03
 -1.5611229e-02
  5.7577413e-02
  8.4440233e-03
 -1.7637279e-02
  4.8937380e-02
 -5.5572586e-03
  2.9727731e-02
  1.2819668e-02
 -1.9927849e-03
  2.1969124e-03
  2.3751273e-03
  2.9761168e-01
 -5.5365282e-01
  6.5623345e-03
  6.3335905e-03
  4.8066764e-03
  2.4665704e-03
  8.4398512e-04
 -1.7806854e-02
 -2.9117845e-03
 -1.0731632e-02
  6.5194182e-02
 -1.1386218e-02
  2.1357862e-03
  8.3736433e-03
 -1.5673304e-02
 -1.9503709e-02
  1.0637504e+00
 -1.7149821e-03
  4.3002628e-03
 -1.6810928e-02
  7.1303328e-03
  2.4747046e-02
  8.9614460e-04
  2.7425636e-02
 -1.0091851e-02
 -5.0174552e-03
 -3.9522164e-02
  5.1241210e-03
  1.2351342e-02
 -2.2920656e-03
  2.2472342e-02
 -1.6282663e-02
  5.5304766e-03
 -7.8439235e-04
 -4.5970292e-04
  2.7628433e-02
 -7.5630622e-04
 -2.7224703e-02
 -6.0972091e-02
  8.3415415e-03
  4.0658806e-03
 -2.9168552e-02
  4.4090492e-03
 -1.1434956e-02
 -9.8165711e-03
  3.4506514e-03
  2.5810217e-02
  4.5042345e-03
  2.4306357e-03
  2.2549307e-02
  1.0831255e-02
 -2.7958797e-02
  6.0446826e-03
  1.3898710e+00
 -1.5927149e+00
  8.7379318e-01
 -5.0449771e-01
  9.3981963e-01
  2.1960576e-01
  2.2948379e-02
  4.0991375e-01
  2.0879528e-03
  6.6936648e-01
  8.9700721e-02
  6.1045033e-01
 -5.1352568e+00
  6.1654425e-01
  6.6885114e-01
  1.6051567e-01
  1.7308882e-01
  5.6587472e-03
  5.6944025e-01
  5.6945149e-02
 -3.6104899e-02
 -7.6666504e-01
  4.2603776e-01
 -2.5722699e-02
  2.1748420e-02
  5.0486840e-04
  5.1225205e-03
  4.0612313e-01
 -7.3987730e-03
 -5.4074872e-01
  6.4705499e-04
  2.1571831e-01
 -4.2131431e-02
  2.7904693e-02
 -1.3943270e-01
 -5.2369410e-01
  7.4965501e-01
 -4.4507948e-03
  1.0092249e-01
  3.2501545e-02
 -1.6751474e-01
  1.5089910e-01
 -6.0110558e-02
 -2.3211367e-02
  2.2026335e-01
  1.0296193e-01
 -3.6144250e-03
 -3.8394123e-02
 -1.9606091e-02
 -2.1667085e-03
  2.7695877e-02
  6.6211768e-03
  4.2868415e-01
 -2.6828008e-02
  9.5189651e-03
 -9.0936376e-03
 -1.5268883e-02
  4.8699793e-03
 -6.6466667e-03
  1.0170436e-02
 -3.1728710e-03
  2.9921343e-03
  1.2245539e-02
 -1.2104215e-02
 -1.8776033e-02
 -1.7137815e-03
  1.4902398e-03
 -7.0294733e-03
  5.8278902e-03
  3.6734018e-02
  2.8579179e-02
  1.8154724e-02
  3.8670909e-02
 -4.3337010e-02
  7.8094178e-03
 -1.8790605e-03
 -6.4332382e-04
  1.5285283e-02
  1.0876010e-02
 -2.2832384e-02
 -1.8052209e-02
  2.7634832e-03
 -4.9886433e-03
 -1.1512262e-02
  2.0655274e-02
  3.1511072e-02
 -2.5181228e-03
 -5.4658861e-03
  1.0198116e-02
 -3.1160358e-02
  4.0273215e-03
 -1.5507253e-03
 -3.2640263e-03
 -1.0209683e-02
 -2.1301616e-02
  6.5824548e-03
 -1.5525489e-02
 -1.6676139e-03
 -6.4358609e-03
 -6.0259402e-01
 -2.5461284e-02
  5.4765083e-02
 -8.8615362e-03
 -7.2669950e-03
  2.3749112e-03
 -1.2434468e-03
  2.3240761e-03
 -5.0456904e-02
  6.5094810e-03
 -3.3651680e-01
 -3.8840147e-04
  1.1838210e-02
 -4.6001105e-03
  3.8799285e-03
  4.1947523e-03
 -3.7034382e-03
 -2.2444906e-02
 -4.0198030e-04
 -2.4050592e-02
  9.4053075e-03
  1.2680165e-02
  5.3405068e-03
  2.7418213e-03
  1.0237441e-02
 -1.4944118e-03
 -1.3098345e-02
  3.3693373e-02
  3.3575881e-02
  2.9700080e-02
 -3.2476075e-02
 -3.6524364e-03
  7.7871338e-02
 -6.0598846e-03
 -5.5593825e-03
  6.9094384e-03
 -1.0538231e-02
 -3.8877552e-04
 -6.3463396e-01
 -6.1739427e-03
 -7.0533697e-03
 -4.4784084e-02
 -3.9513703e-03
 -1.5148268e-02
 -4.2341169e-05
 -1.2594300e-03
 -4.1930643e-03
 -1.6764745e-02
  2.2977794e-02
  4.8601898e-04
 -2.7174985e-03
 -2.3309339e-03
  1.2969081e-02
 -2.1206159e-03
  1.8666069e-04
  6.5003580e-04
  1.3233653e-02
  3.1372639e-03
 -4.7006565e-03
  3.7210774e-01
 -6.5201945e-03
 -1.8987827e-03
  2.6366385e-02
 -2.3547193e-01
 -3.4530413e-01
  3.3194378e-01
  1.8662712e-01
  3.8490194e-01
  1.0268036e-02
  1.0464865e+00
 -5.0305378e-01
  2.3034198e-02
 -3.3049011e-01
  1.9420084e-02
  2.1761375e-02
  9.1873799e-03
 -2.7603128e-03
  1.1135075e-01
 -1.8464265e-02
 -8.9602828e-01
 -1.6015312e-01
  5.7847932e-02
  1.3702528e-02
  4.5423333e-02
 -2.6273450e-02
  6.0470593e-03
  3.6668014e-03
  8.0859996e-02
 -1.9483821e-02
  4.5049060e-02
 -3.2094646e-02
 -8.9777773e-03
 -4.2457762e-03
 -4.4808590e-01
  4.7189775e-03
  3.6975686e-02
  3.0279274e-03
 -1.2292281e-02
  9.2918109e-03
  7.8009244e-04
 -2.1686202e-02
 -1.4682779e-03
 -1.2790877e-02
 -2.1079227e-02
 -8.3740163e-01
 -7.9161085e-02
  5.1953732e-03
 -2.9769419e-02
  2.7162493e-03
 -1.7918247e-03
  3.3716161e-02
  7.2147138e-03
 -1.2033362e-02
  2.1110866e-03
  1.7915741e-03
  4.2916853e-03
  3.1853415e-02
  8.2261935e-03
 -1.2703463e-02
 -1.2085882e-02
  2.7464490e+00
 -4.9838023e-03
 -3.7332099e-02
  2.2858471e-02
  1.0573838e-02
  1.3503817e-02
 -2.1349531e-02
 -1.7965982e-02
  2.8721422e-03
  3.0953661e-03
  2.2922480e-02
  3.1010410e-02
  1.9762561e-02
 -9.9993050e-03
 -1.2637318e-02
  9.7280852e-03
  2.4063358e-02
 -1.2340863e-02
  3.3541434e-03
  5.5711237e-03
 -1.5075726e-03
  3.1726106e-04
 -3.9731292e-03
  1.3155961e-02
 -1.4805163e-02
  1.6774049e-02
 -5.9307478e-03
  1.2976676e-02
 -8.8462180e-01
 -1.2287494e-03
 -3.7322748e-02
 -2.5488799e+00
 -1.0955824e-02
 -9.6573159e-03
  2.3721312e-01
  4.6124356e-03
  6.0787208e-02
 -1.4732006e-03
 -4.9091126e-03
 -1.0138424e-01
  1.4578613e-03
  2.1712825e-02
  1.0659639e-02
  3.9009631e-02
 -1.4106785e-02
 -5.3543900e-03
 -2.0763848e-02
 -6.7224987e-03
 -1.8948874e-02
  7.4086728e-04
 -1.1931339e-02
  1.4565546e-03
  1.3744449e-02
  2.3906521e-04
  1.3355550e-01
  1.4965935e-01
  1.3635557e-02
 -6.3687041e-02
 -4.3080770e-03
 -3.3246469e-02
  2.5170961e-02
 -8.2092928e-03
  1.2384271e-02
 -4.6061459e-03
  6.4548366e-03
  3.4954312e-01
 -1.5620448e-04
 -2.5249936e-03
 -7.2974776e-04
 -7.9850055e-04
 -2.8771465e-04
 -2.9012516e-01
  1.0897651e-02
  1.1375501e-02
 -2.6187694e-02
  1.9558873e-02
  4.1133990e-03
  1.8172689e-02
 -1.2864241e-03
 -2.7406975e-03
  3.1817522e-02
 -1.8043019e-02
 -5.1928405e-02
 -3.0183086e-02
  5.4362686e-03
 -1.0157574e-01
 -6.9395779e-03
  1.5651939e-02
  2.4987892e-03
 -4.5373112e-02
 -1.2079275e-03
  1.2428900e-02
  3.0915313e-03
  1.3985077e-01
  7.1723661e-03
 -1.6488085e-03
  2.3098390e-01
  6.8774167e-03
 -3.2217647e-03
  4.0845722e-03
  2.0827777e-03
 -5.0641224e-03
 -1.0214048e-02
  3.3492795e-03
 -4.6714363e-03
  5.5197168e-02
  6.0130858e-01
 -3.7007618e-01
  5.6806684e-01
 -2.8628690e+00
 -9.1320854e-03
 -9.4889736e-01
  5.2704865e-01
 -2.6145056e-02
  4.7131306e-01
 -1.5612872e-01
  2.6872696e-02
  2.4280524e-02
  1.4499353e-01
 -8.8660485e-01
 -4.1754493e-03
 -5.6246482e-02
 -1.7682706e-01
 -2.9505668e-03
 -8.7450920e-03
 -1.4819922e-01
 -1.7451963e-01
  1.8526684e-02
  3.9355308e-03
  4.0092416e-02
 -4.9310498e-04
 -3.3343017e-02
 -2.3199190e-01
 -2.8310856e-02
 -5.0866556e-01
 -1.3928206e-02
 -2.0163295e-01
 -1.6189091e-02
  2.7555765e-03
 -4.7847372e-03
 -1.0885569e-01
 -5.9436888e-01
 -1.3387945e-02
 -6.1188824e-02
  2.0580892e-03
 -4.1564697e-01
 -2.9409876e-02
 -1.7343927e-03
 -2.9083639e-01
 -2.9625695e-02
 -2.1132725e-01
  6.7548552e-03
 -1.9599104e-02
 -9.3810391e-03
 -8.4306160e-03
  1.3132663e-02
 -6.4161167e-02
  2.0825868e-02
  1.8050455e-02
 -6.7729577e-02
 -1.0500644e+00
 -1.8035722e-01
 -3.1424233e-01
  3.2656786e-01
 -7.4745685e-01
 -1.0895687e+00
  8.1917206e-03
 -1.5812317e-03
 -4.4785085e-01
 -2.3554306e-02
 -7.0657268e-02
 -2.5725754e-03
  4.3409835e-03
  5.8996761e-03
 -8.4959589e-02
  4.0324661e-03
 -2.1241682e-02
  4.8972402e-02
 -1.6277830e-01
 -7.7301212e-02
  1.5009083e-02
  1.0149437e-01
 -1.9012639e-02
  1.3777417e-02
  6.6429090e-01
  4.3187428e-02
  2.4135608e-02
 -6.0870373e-03
  1.3063906e-02
 -3.3071970e-03
  4.9450467e-03
  2.3607926e-03
 -2.0619189e-02
  1.5436601e-02
 -2.8724501e-02
 -3.3138325e-03
 -2.1570933e-01
 -9.6985891e-02
  2.9755976e-02
  1.1112203e-02
  1.2386053e-02
  3.4867233e-01
 -8.4373122e-03
  9.8581687e-02
 -4.3083817e-02
  3.5896257e-02
 -2.0920902e-01
  6.9300875e-02
  3.8599195e-03
 -8.0027198e-03
 -1.6949022e-02
  1.5394849e-02
 -4.8249331e-03
 -1.8025256e+00
 -8.7787217e-01
 -4.1030583e+00
  3.2613230e+00
  1.0629524e+00
 -7.8639483e-01
 -3.5431015e-01
 -8.6279780e-02
  5.4504359e-01
 -9.4682598e-01
 -5.1420391e-02
 -6.3081861e-01
  1.9637195e+00
 -1.0725539e+00
  3.5098433e-01
 -1.6366605e+00
  1.8870284e-01
  4.5815974e-01
 -1.0666931e-01
 -3.3902172e-02
  1.6603385e-01
 -8.5082971e-02
 -1.2178724e+00
 -2.9334009e-01
 -6.7065758e-01
  3.0958137e-01
 -1.1854307e-01
  4.6169262e-02
  4.5798346e-02
  6.6893858e-01
 -1.3249963e-02
 -9.3439424e-01
 -1.7172904e-01
 -7.5083524e-01
 -3.0786031e-01
  2.2165067e-01
  1.5230887e-01
 -2.8261173e-01
 -4.9933188e-02
  7.8100693e-01
 -5.5150145e-01
 -2.8741673e-01
  5.0762504e-01
 -4.4544343e-02
  5.4621946e-02
 -4.2888761e-01
  2.9455049e-02
 -5.0918514e-01
  6.0098946e-02
  3.5172417e-03
 -9.1397986e-02
  1.6603153e-02
  4.4609457e-02
 -2.1573626e-01
  1.3492414e-02
 -1.7362099e-02
  5.2755354e-03
  1.7315730e-02
  6.2199966e-03
  2.6213452e-02
  9.1656686e-05
 -3.3337778e-01
  6.2264376e-03
  5.1763244e-02
 -9.1456678e-03
 -3.6129237e-03
 -2.2983551e-02
 -2.0099217e-02
 -6.2011108e-03
 -1.3846806e-01
  1.9017031e-04
 -7.8153135e-03
 -6.7430913e-02
 -1.2523275e-02
  7.3186131e-03
  1.7355444e-02
 -4.7593159e-03
 -1.2134909e-02
 -4.4750300e-04
 -1.8274656e-02
 -4.9081276e-04
 -6.4218165e-03
 -3.4580929e-03
 -9.9891191e-03
  9.0316357e-03
  6.8673841e-03
 -8.7819375e-02
 -1.3845596e-03
  7.2511244e-03
  2.4722503e-03
  8.2617095e-03
 -1.4072756e-01
 -2.1283421e-01
  4.3912656e-03
  4.1191842e-02
  8.2878731e-03
  5.4064500e-03
  1.1283929e-02
 -9.1729211e-03
 -8.2482770e-03
  1.0101002e-02
 -3.5659280e-02
  8.3320685e-02
  4.7894157e-03
 -6.0583756e-05
  5.5823680e-03
 -1.3684849e-02
 -1.6790272e-04
 -5.7138400e-03
 -1.3567423e-02
  3.0458232e-03
 -3.4148090e-02
 -3.4170251e-02
 -3.8582638e-03
  1.0681843e-02
  6.2700487e-03
  1.5101049e-02
  1.5830275e-02
  1.5417375e-02
 -9.0251928e-03
 -2.1610665e-03
 -6.9839871e-03
  1.9674204e-02
  1.4633518e-02
 -1.5327012e-03
  4.3043021e-02
 -7.9491520e-03
 -7.1691247e-03
  3.6130928e-02
 -3.2365194e-03
  1.9570952e-02
 -8.6221565e-03
  2.4504575e-04
  1.3147955e-02
  1.5951156e-03
 -4.5139575e-03
  2.8270383e-03
 -3.5009664e-02
 -5.7546017e-03
 -4.0461142e-03
  3.0370219e-02
  1.3057770e-02
 -2.3243492e-03
  3.1659201e-02
  4.1149414e-01
 -4.9142563e-04
 -1.0918793e-02
  7.4369530e-03
 -1.2145350e-02
 -1.7067878e-02
  2.2515673e-03
 -1.7141502e-02
 -2.9605767e-02
 -3.2201622e-04
  4.7957203e-03
  1.5609488e-02
 -3.4702872e-03
 -1.7995387e-02
  2.2039667e-02
 -3.7257259e-03
 -1.9614687e-02
 -3.0562926e-02
  4.8408052e-04
  4.8282680e-01
 -2.8436018e-02
 -1.2797072e-03
 -1.7072611e-02
  2.9649609e-03
  7.2716633e-03
  2.8135339e-03
  4.5319982e-03
  1.3664462e-02
  1.0378670e-03
 -7.8573134e-03
  1.0871370e-02
  3.3031693e-03
  1.6911458e-03
 -9.8705282e-03
  4.7026351e-02
  3.6355034e-03
  2.1525112e-03
  2.9839808e-02
 -3.0229187e-02
  9.3498096e-02
  1.0587694e-02
  2.8257617e-03
  2.9103298e-02
 -4.6650596e-02
  1.9039555e-03
  1.6075525e-03
 -2.8190231e-02
  1.8835723e-02
  6.2892153e-03
 -1.6303924e-03
  4.1222259e-02
 -1.5576972e-02
 -2.5318877e-03
  4.7082487e-03
 -8.9555733e-02
 -5.0457632e-03
 -4.9293667e-02
 -1.2797790e-03
  1.0438094e-02
  2.3747005e-03
 -2.0347391e-03
  9.3259588e-03
  5.0722500e-03
 -5.9848735e-03
  9.7654952e-04
  3.8509215e-03
  1.4270679e-04
 -8.3027165e-03
  4.0332082e-01
 -3.5344139e-02
  9.6909711e-03
 -2.5700521e-02
 -9.4152689e-01
 -1.4179821e-01
  1.2160374e-01
 -1.8622981e+00
  1.4494703e+00
  5.0257075e-01
  4.8415173e-02
 -1.9579437e-01
 -1.2108943e-02
 -8.8273853e-02
  4.2271353e-02
 -2.7347285e-01
  5.0539637e-01
 -1.8680327e-01
 -5.9032154e-01
  1.2240981e-01
 -3.0203849e-01
 -2.5407469e-01
 -1.8090013e-01
  2.6625681e-01
 -1.7359732e+00
  2.0911053e-02
  1.5518096e-01
 -9.8104253e-02
  2.8297592e-02
 -2.6608974e-01
 -6.2391245e-01
 -3.6316356e-01
  3.2363203e-03
 -2.4035387e-01
  2.7204860e-02
  6.4005159e-02
 -2.8062856e-01
  6.9267642e-01
 -4.4960380e-04
 -1.5159119e+00
  4.7526532e-01
  2.1935566e-01
 -4.0789211e-01
 -6.0134643e-01
 -7.2319695e-04
 -3.3519799e-01
 -2.6613569e-01
  9.1706589e-02
  6.5652177e-02
 -7.3974770e-05
  8.2982033e-03
  3.9638003e-04
  1.8145845e-03
 -1.7430512e-02
  2.1155026e-02
  3.1392346e-04
 -6.1387490e-03
 -3.8345207e-02
 -1.2071364e-02
  9.5600579e-03
 -1.0962122e-03
  5.3319028e-03
 -1.4959591e-03
  2.6037452e-01
  1.2836351e-02
 -4.9930480e-03
  5.6200963e-04
  4.2333137e-03
 -4.3663046e-01
 -5.1191276e-01
  2.3727161e-03
  7.5048134e-03
  1.9382784e-02
  4.4944687e-03
  2.2682091e-03
 -8.0997432e-03
 -2.3876680e-03
 -6.1203623e-03
  5.3468946e-02
 -3.6639750e-03
  4.9703228e-03
  2.4382402e-03
  1.1035293e-02
 -2.2355771e-02
  1.2261436e-02
 -1.3890881e-03
 -3.0125672e-02
  3.0718006e-02
  4.2801902e-02
 -3.5682593e-02
  1.6914062e-02
 -7.0654112e-03
 -2.8484756e-02
  1.1635690e-02
 -1.4443259e-03
  3.7364781e-02
  6.0006399e-03
  2.3941740e-03
 -2.4261784e-02
  4.1705798e-03
 -2.4527521e-03
 -1.7467456e-02
 -2.7388736e-04
  8.1746699e-03
  2.5030395e-03
  9.0425611e-03
 -7.8376578e-03
 -1.8477933e-02
  4.9753323e-02
 -7.5584953e-03
  1.7273694e-02
  5.9027667e-03
  3.7884119e+00
 -7.7544838e-01
  2.5791216e+00
 -2.0746697e-01
 -6.0407221e-02
 -2.7254659e-01
 -6.8240874e-02
  1.6041520e+00
  8.6189732e-03
 -7.2334677e-02
 -1.7322265e-02
 -5.3074718e-01
 -2.2650656e-04
 -5.3906687e-02
 -2.1727538e-02
 -3.3214577e-03
  1.1479967e-02
 -2.6957421e-03
 -4.0362455e-02
 -1.4429464e-02
 -6.4044550e-02
 -7.1674925e-03
 -1.8296784e-03
  3.1342864e-02
  4.6245484e-03
  4.8257641e-02
 -7.1484223e-03
 -1.8665894e-04
  3.6850211e-03
  1.6716057e-02
 -3.1585752e-03
 -3.2793541e-02
 -5.8882292e-03
  5.5363583e-03
  7.2280766e-04
 -6.4054549e-02
 -9.8471493e-03
 -5.3903472e-01
 -4.2668361e-02
  7.1615111e-03
 -6.5218369e-03
  1.2310776e-01
  4.0469877e-03
 -4.6803146e-03
 -9.2576377e-02
 -3.3360254e-02
 -2.1642463e-03
  4.5023924e-03
 -2.5020195e-02
  2.2374373e-02
  1.6757816e-02
  1.3873936e-03
  2.2074008e-02
 -2.5202356e-02
  1.1374971e-01
 -1.5823114e+00
 -1.2456653e-01
  2.3442755e+00
  6.6815436e-01
  3.1326652e-01
  2.1380940e-03
 -3.7034935e-01
 -3.5819763e-03
 -3.5190213e-01
  3.5989215e-03
 -4.7185101e-02
 -3.0368671e-02
 -6.0003134e-03
  1.8935926e-02
  3.3771484e+00
 -5.5785194e-02
  7.0921048e-03
  3.2371917e-01
 -2.1150280e-02
  4.5450874e-02
 -1.3892163e-02
  7.8648299e-01
 -1.7408457e-02
  1.2693498e-03
 -7.6501799e-01
 -2.2363584e-03
 -6.2906986e-01
 -4.4439114e-03
 -2.8864217e-01
  7.7991574e-03
 -1.0850821e-02
  2.1135360e-03
  2.2934301e-01
 -5.0789598e-02
  2.9381488e-03
  7.7785984e-02
  2.4186270e-02
 -1.2396077e-02
 -4.4087406e-02
  4.1910954e+00
  2.3164945e-03
 -2.5683288e-02
 -2.0779844e-03
  2.7783811e-02
  3.0552298e-03
 -7.1456306e-02
 -6.0290946e-03
 -5.5641477e-04
 -3.8750418e-02
  1.1757888e-02
  1.0805608e-02
  9.7135631e-03
 -4.4437204e-03
  2.5955822e-02
  9.4463112e-04
  5.1353283e-02
  3.9029321e-01
 -5.5894226e-02
 -1.2583384e-02
 -4.5299907e-03
  2.4712719e-02
 -4.9968299e-02
  3.0393950e-03
  1.7784422e-03
 -2.0323668e-03
 -2.9728303e-02
  1.7340347e-02
 -2.5379073e-02
 -4.2431537e-02
  2.1255577e-02
 -7.3741175e-02
  3.6435685e-04
  1.8396936e-02
 -4.4857999e-03
  2.1502790e-03
  2.9666878e-02
  8.2743861e-04
  1.6027339e-02
 -6.6853119e-03
  6.7598732e-05
 -1.9061258e-02
 -1.5917885e-03
  8.8256160e-03
 -4.5403143e-04
 -3.7430923e-03
  3.4006249e-02
 -1.9563264e-03
  3.2571074e-02
 -8.2273856e-03
 -8.2058599e-03
  4.1062003e-03
  9.9037252e-03
 -7.1047484e-03
 -1.8630559e-02
 -1.8025074e-02
  2.4757486e-02
  6.2560686e-04
 -3.6465079e-02
 -2.1950146e-02
  1.0543822e-03
 -1.3879555e-02
  3.3299800e-02
 -4.0560360e-03
  4.0314444e-03
  1.7866733e-02
 -2.5533657e-03
  9.0007214e-03
  1.5990413e-03
 -7.6715010e-03
 -5.0653736e-03
  7.9831453e-03
  1.6566446e-02
  7.1018338e-02
  1.2099898e-03
  4.9480288e-03
  8.6052436e-03
 -2.0495786e-03
  9.7044534e-04
  8.0705192e-03
  1.6691476e-02
  9.2283468e-04
  8.8635050e-03
  2.1456292e-02
  1.6842799e-02
 -3.2049962e-03
  8.3932420e-03
  1.1524633e-03
  7.7116080e-02
  1.0191632e-02
  8.1668096e-03
 -2.2257214e-02
 -3.8789056e-02
 -2.0224585e-03
  2.5080538e-03
 -6.7232462e-04
 -9.3392339e-03
 -1.1145977e-02
 -5.4975478e-03
 -2.7110223e-03
 -6.9683637e-03
  1.0047022e-02
  2.0605486e-02
  4.4009205e-02
 -3.1366682e-01
 -1.4090232e-02
 -1.5749633e-02
  1.2922799e-02
  1.4487271e-02
 -2.1582015e-02
 -7.8416996e-02
 -1.3466339e-01
 -6.4644873e-02
 -1.3671491e-03
  1.0036067e-02
 -9.8134987e-03
 -5.6367218e-03
 -2.8339313e-02
 -1.2605499e-02
 -6.4554722e-03
 -2.3966365e+00
 -3.5588238e-03
  2.2307290e-02
 -4.3837342e-01
 -1.4723550e+00
 -1.8914661e-01
 -8.4205210e-01
  2.6935121e-01
  2.8789485e-01
  2.7601582e-01
  1.9074759e-02
 -9.2962897e-01
  1.9183774e-01
  4.0639721e-02
  1.5296562e-03
  4.3148118e-01
  2.5629744e-01
 -2.3295702e-01
  5.4220911e-02
  4.0631056e-01
 -9.7603500e-02
  1.2236117e-01
  7.0742339e-02
 -1.3629645e-02
  2.5622872e-01
 -1.2400241e-02
 -1.9393936e-02
 -6.1507393e-02
 -6.0335728e-03
 -5.3672869e-02
  1.2561387e-01
 -4.5605224e-01
  7.9301829e-03
 -1.5877690e-02
  6.9250070e-02
 -5.8337655e-03
 -1.4899733e-02
 -3.4017399e-02
 -2.3243043e-01
 -6.7811608e-03
  1.2517880e-02
 -5.6160772e-03
 -2.2588482e-02
  6.2680757e-01
 -3.6666691e-01
  2.1418613e-01
 -3.6584660e-02
  8.0126096e-03
 -7.9286471e-02
  7.5543271e-03
  2.1217713e-02
 -2.5638334e-02
  2.3390038e-01
 -1.5310147e-02
 -1.4637706e-01
  2.2904648e-02
  2.0958664e-01
 -8.9024627e-01
  1.3270749e-01
 -1.2533736e-02
  1.4159105e-03
  2.7063584e-01
  2.9835133e-02
 -9.4860354e-03
  3.3149482e-03
  7.6303934e-03
  1.0224656e-02
  7.8883088e-01
  3.2975480e-02
 -2.8460124e-03
  6.4198472e-02
 -1.1312126e-03
  3.8124021e-02
  1.0563809e-02
  1.8978991e-02
 -4.5650903e-02
 -1.0393485e-02
  5.9668324e-03
  5.0146163e-02
 -6.8932432e-03
 -2.0547193e-02
  2.4462349e-03
 -1.6351810e-02
 -7.2959729e-02
  4.7942055e-03
  1.2793081e-01
 -4.7298331e-02
  5.7576746e-02
  1.1222166e-04
 -3.8403482e-03
 -8.1042526e-03
  3.7611861e-02
  1.0376627e-02
  7.4793892e-03
 -1.5361969e-02
  7.8791313e-02
  7.7461096e-04
 -7.2311158e-03
 -2.8317033e-03
 -9.1565331e-04
  3.9325813e-03
  5.0331522e-02
  3.2693974e-03
 -1.2424936e-03
 -1.9351671e-02
  2.6812160e-03
 -1.1318889e-02
 -9.6796900e-03
 -3.4922741e-02
 -2.9020931e-03
 -4.6607855e-01
  4.6685007e-03
  5.1149595e-01
 -3.3139641e+00
 -6.6472703e-01
 -4.0972969e-01
 -1.2225965e-01
  4.8703757e-01
 -2.3946154e-03
  4.3109123e-02
 -2.1012977e-02
 -3.4301914e-02
 -3.4241825e-01
  5.1423423e-03
 -9.4835810e-02
 -3.7098151e-02
 -1.8735707e-02
  1.5441605e-02
 -5.8424142e-03
  3.3814929e-02
 -3.1401244e-01
  2.5717965e-03
 -3.1649178e-01
  1.6827138e-02
 -4.0726408e-02
  3.8793873e-02
  3.7928365e-02
  3.2525629e-01
 -9.9731302e-01
 -1.7493820e-01
  6.7619616e-03
  8.7276922e-04
  3.0489755e-03
 -9.6074032e-04
 -3.4122056e-04
 -1.1561531e-01
 -4.8051015e-03
 -4.1492533e-02
  3.2010558e-03
  1.8225764e-01
  3.4883998e-02
  1.4711966e-02
  3.9714843e-02
  1.7633336e-02
 -1.0326459e-02
 -4.6502135e-04
  2.2450837e-03
  2.0599246e-02
 -4.9829884e-03
 -1.7207922e-02
  1.5996344e+00
  3.0683074e-02
  3.0550701e-03
 -3.5988155e-03
 -5.3433645e-01
  3.6975774e-01
 -7.4854426e-02
  5.7205635e-01
 -4.4419777e-01
 -9.6841133e-01
 -1.4602298e+00
 -6.7350648e-02
 -3.6869191e-02
 -4.5259279e-01
 -1.8865217e-01
 -1.5646558e-01
 -1.0973969e+00
  2.0928611e-01
  4.2125216e-01
 -2.8194067e-01
  7.4438259e-02
  3.4500245e-02
 -1.1611141e-01
 -8.3573805e-03
  2.3897202e-01
  2.3017863e-04
 -8.6642098e-01
  3.4962606e-01
 -1.3766034e-02
 -7.0917537e-03
 -7.5767329e-03
  9.0425238e-02
  1.8529403e-01
 -9.0260631e-01
 -6.0979273e-02
 -4.1362237e-02
  6.3943279e-01
 -2.9261470e-01
 -5.1883543e-03
 -5.1889546e-02
 -3.3619232e-02
 -3.8937960e-02
 -5.7083797e-01
  2.0289218e-02
 -1.2110012e-01
  3.4155902e-01
  3.8786516e-01
  6.1436919e-03
 -2.3004061e-01
  1.1692386e-02
 -2.1127681e-03
 -7.4594416e-02
 -4.5713177e-03
  2.1049781e-02
 -9.8825200e-03
 -1.3715387e-03
 -5.3918273e-03
 -3.6792070e-04
 -4.7097471e-01
 -3.9838740e-01
  1.1612898e+00
 -5.9745854e-01
  1.2588127e+00
  1.4993494e+00
  9.9908374e-02
 -1.2503526e+00
  1.6534398e-01
 -7.9774760e-02
 -3.8589004e-02
  2.6607123e-01
 -2.0027213e-02
 -1.8996166e-01
  8.6653256e-01
 -1.5878999e-01
 -2.2903820e-02
 -1.2317851e-01
 -6.1587743e-02
  2.2811545e-01
 -5.9583122e-01
  3.2242289e-04
 -1.0416657e-01
  4.0983628e-02
 -1.0112102e-02
  1.9320646e-02
  3.7229124e-02
  1.1827025e+00
  1.0894472e-01
 -6.1149544e-01
  7.6689762e-03
  1.3395875e+00
  2.3164389e-01
  1.7856278e-02
  1.6190702e-02
 -5.8489466e-01
 -1.1673142e-01
  1.7299798e-01
 -5.6731707e-01
 -5.8980174e-03
 -2.9976070e-01
  1.3342083e-02
  3.2901517e-03
 -2.9053229e-01
 -1.8884084e-01
  1.8564656e-01
 -1.3750903e-03
 -4.3073002e-01
  1.7962269e-02
  2.3015553e-02
  9.6466221e-02
  2.5466331e-03
 -2.3818120e-02
 -3.0175162e-02
 -1.0243649e-01
  4.4366536e-01
  8.5360080e-02
 -1.4791276e-01
 -1.0161928e-02
  3.1608231e-03
 -8.7418528e-03
  8.1398338e-02
  4.8047188e-03
 -8.1668841e-03
 -3.3422962e-02
 -3.1196157e-02
  1.5435828e-02
 -3.0959044e-03
 -5.9280745e-03
  2.6722716e-02
 -1.0636209e-02
  3.6231808e-02
 -8.2208784e-03
  1.6997533e-03
  2.5254118e-01
 -1.4995092e-03
  2.0241775e-03
 -7.0806138e-02
 -1.2066999e-04
  2.5922082e-02
  2.0355766e-03
 -1.6941395e-02
  3.8336523e-02
  1.3807303e-02
  2.7143432e-02
 -4.1237646e-03
  5.6301584e-03
 -2.9724395e-02
 -2.0044146e-03
  9.9908700e-04
 -8.6528007e-03
  1.5723485e-02
  2.0281928e-02
 -2.5833374e-02
 -7.6076086e-03
 -9.4858464e-03
  1.0371584e-02
 -4.3720962e-03
 -1.8516568e-02
 -2.3042103e-03
 -2.8318662e-02
 -7.9313004e-03
 -6.7186803e-02
  1.4295821e-03
  2.1226104e-02
 -1.7074011e-02
  2.7842337e-02
 -1.2439036e-02
 -1.0629900e-02
 -2.1451411e-03
  6.4355256e-03
 -5.0291663e-01
  5.9719579e-03
 -2.5989176e-03
 -6.9679194e-03
  1.1179365e-02
  4.5151901e-03
 -3.3871919e-02
 -7.5487280e-03
  1.9197561e-03
 -7.5243264e-03
  8.9652371e-03
 -5.4381024e-03
  1.8544307e-02
 -3.8454540e-03
  3.5844012e-03
  7.3782001e-03
 -2.3611346e-03
 -6.1695911e-02
 -9.7225597e-03
 -6.5305736e-03
  3.0818195e-03
  3.4459570e-04
 -1.0677430e-02
 -6.2051206e-03
 -1.8330456e-03
 -2.1176836e-04
 -3.3303909e-03
 -2.9739597e-01
  3.1311095e-02
 -3.2602297e-04
  1.0206673e-01
  7.5456747e-03
  7.2017298e-03
 -3.0620923e-04
  6.5511726e-03
  2.3468190e-01
 -3.0267893e-03
  9.0886345e-03
 -7.2412710e-03
 -1.5989110e-02
 -4.7514602e-03
 -2.2323437e-02
 -1.2202546e-03
  2.3665098e-02
  3.8574588e-02
  7.3188897e-03
  8.2929659e-04
 -3.1064728e-02
  4.0437109e-03
  9.5968358e-02
 -3.4593996e-03
  1.7361810e-02
 -1.2808193e-02
  1.2000192e+00
  6.2591657e-03
 -3.1803466e-02
  3.6837831e-02
  2.2971954e-03
 -1.3403558e-02
  1.3913915e-02
 -4.5465860e-03
  5.9118513e-02
 -1.6202153e-01
 -6.7692017e-04
 -4.4860737e-03
 -4.8098001e-03
  1.6634128e-04
 -2.8065899e-03
 -8.0030784e-03
 -2.1195146e-03
  4.6646543e-02
 -2.9265112e-03
 -1.6758939e-02
  1.0350333e-02
 -5.2038403e-03
 -1.2935234e-02
 -2.9134510e-02
  7.5368151e-02
 -2.8455378e-02
 -8.7464978e-05
  9.9352105e-03
  4.3401995e-04
  1.0332616e-02
  4.3560453e-03
 -5.8389134e-03
  2.2305644e-03
  3.0233830e-02
 -6.6781919e-03
  4.8377109e-03
 -2.5009075e-03
 -1.1924503e-03
  4.1311417e-02
 -9.4353110e-03
  1.1635431e-03
  2.0789678e+00
  2.8528133e-03
 -1.2396257e-02
 -4.2721098e-03
 -7.8950711e-03
 -4.0825242e-03
  1.8397741e-03
 -1.4644996e-03
  2.7491629e-02
  1.3446196e-02
 -6.8608206e-03
  1.4766205e-02
 -6.6213004e-02
  2.3152819e-02
  1.9352101e-02
  1.1221998e-04
  1.2246165e-02
  2.6026491e-02
  9.4197989e-03
  7.9027414e-03
  7.9335039e-03
  5.5732215e-03
  1.3390862e-03
  3.6023902e-03
  1.2460229e-02
  3.5416894e-03
  1.9990180e+00
  6.2322733e-04
 -2.1079412e-02
  5.4336730e-03
  2.1178786e-02
 -7.6910523e-03
 -7.2731762e-03
  2.4049101e-02
  7.7207852e-03
 -3.0169850e-02
 -1.9315287e-02
 -1.2410126e-02
  1.4657490e-01
  5.8658258e-03
 -2.6410233e-02
 -4.0343553e-03
  1.1201530e-02
  1.1970798e-02
  2.6965892e-02
 -2.1193665e-02
  6.9784094e-03
 -9.2169410e-03
 -3.8402770e-02
 -2.9311776e-03
 -1.0386481e-03
 -2.1390170e-03
  3.8319986e-02
 -3.5980612e-02
 -9.6903375e-04
 -5.4771127e-03
  8.7482864e-03
 -4.5085186e-03
 -1.1177668e-02
 -3.0962976e-02
 -1.7051049e-02
 -4.8785219e-03
  3.5900280e-02
  2.8338129e-02
  4.9083963e-02
  4.4906568e-03
 -4.0599722e-01
 -7.0752995e-03
  1.8355884e-03
 -8.5501105e-01
 -2.8718179e-03
 -8.4242091e-04
  9.7024953e-03
 -3.3249741e-03
 -5.1313462e-03
 -4.0368224e-03
  3.2959797e-03
 -1.9514289e-02
  4.5643160e-03
 -8.1703230e-04
  6.4717069e-02
  1.9928904e-01
  7.5764139e-03
 -6.9026477e-03
  4.3063443e-03
 -3.5463896e-02
 -2.1675441e-02
  4.8570381e-03
  2.0523256e-02
 -8.0914805e-03
 -5.0367690e-03
  1.0582996e-02
  8.0770021e-03
  7.9901097e-03
  5.6921951e-03
  2.3318643e-02
 -1.4677459e-01
 -1.2441577e-02
  4.9006518e-02
  3.0758932e-01
  2.2852211e-03
  2.1283459e-02
  2.7042920e-02
 -2.6770666e-02
 -1.2561225e-04
 -6.9296840e-03
 -2.4587842e-02
  2.8563242e-02
 -1.2465008e-02
 -5.6911692e-02
 -2.4907436e-02
 -3.5750784e-02
  4.7424827e-02
 -2.8054987e-04
  4.9919304e-03
 -3.2554738e-02
  1.0349831e-03
 -1.0714404e-02
 -4.3710340e-03
  6.7038201e-03
  3.0033411e-02
  2.3802960e-02
 -3.5194942e-01
 -7.3161599e-04
 -2.4404218e-02
 -2.8145749e-02
 -1.4374730e-04
  6.8257906e-04
 -4.7802221e-02
 -1.1626285e-02
 -1.3812815e-03
 -3.1564582e-02
  2.6565058e-02
  3.2718867e-02
 -1.3839515e-02
 -3.5964523e-03
  3.7440122e-03
 -3.1877707e-03
  5.1288545e-04
  1.4824098e-02
 -7.0512779e-02
  1.8957943e-02
  2.7240729e-03
  5.7635838e-03
 -1.3525446e-02
  9.8406747e-03
 -2.0063203e-02
  6.3347600e-02
  3.5938457e-02
 -1.5093208e-03
 -3.6144529e-02
 -1.6464695e-03
 -6.1334372e-03
 -4.1489508e-03
  1.2703837e-02
 -8.5103856e-03
  3.2582056e-02
 -1.0165218e-02
 -7.9201553e-03
  6.3112406e-03
 -6.4408599e-04
  2.9697064e-03
  1.5895956e-03
  1.6440761e-04
  9.0592436e-04
 -5.0227651e-03
  1.5865482e-02
 -3.4449657e-03
  4.2493291e-02
  5.6173947e-02
 -7.0553333e-02
 -4.1222394e-02
  2.1153083e-02
 -1.3520751e-02
  2.3369212e-03
  4.2451899e-03
  1.8206570e+00
  9.2394147e-03
 -1.4107662e-02
  1.6778428e-02
  5.3810342e-03
 -3.0956126e-03
  9.9123875e-04
  8.9971917e-03
 -2.3634354e-02
 -1.4393008e-03
  1.1485339e-02
 -1.2507585e-02
  3.7556498e-03
 -2.0894021e-02
  1.4745573e-02
  9.2284866e-03
 -2.2432932e-03
 -1.3917214e-02
 -3.8793243e-02
 -3.6951900e-02
  6.4167390e-03
  1.6880161e-03
 -8.1775486e-03
  5.3809090e-03
 -1.7931761e-02
 -6.2555079e-03
  1.6868050e-01
  8.6111864e-03
  8.9660380e-03
 -5.6030089e-03
  1.3106049e-02
  8.7954821e-03
 -5.1073018e-03
  1.3720788e-03
 -1.5508395e-02
  1.8093079e-04
  6.1422628e-03
  8.8684512e-03
 -2.5470233e-02
  2.4761260e-02
  1.9146394e-02
  4.5414148e-03
  4.9856859e-03
 -1.4830509e-03
 -2.8044038e-02
 -2.5407553e-03
 -2.0792168e-01
  1.2148031e-03
  1.2183729e-02
 -1.1136091e-03
  1.0728203e-02
 -1.9515387e-03
  3.3596247e-02
 -9.5744047e-04
 -2.7062545e-02
  8.0851726e-03
  1.2011763e-02
 -7.4643935e-03
  1.6612137e-02
 -5.2519370e-04
  9.3709780e-03
 -5.5060126e-03
 -1.3622341e-02
 -8.8870535e-03
  5.2583385e-03
 -2.3510091e-02
 -7.5033694e-03
 -1.3302808e-03
 -2.5366894e-03
 -1.9742453e-03
 -2.3364127e-03
  8.9762826e-03
 -1.5343347e-02
 -7.4152341e-03
  2.1548904e-02
  3.0716648e-02
 -3.5768110e-02
  4.9938527e-03
  1.5092127e-02
 -1.2212817e-02
 -6.8337247e-03
 -7.8220032e-03
 -3.2845098e-03
  1.4972785e-02
 -2.0530742e-02
  9.2395162e-03
  2.2612600e-02
 -7.5217895e-03
  1.4711024e-02
 -4.8744953e-03
 -5.5084340e-03
  9.7795743e-03
 -1.1429815e-02
 -1.1522023e-03
  1.1760148e-01
  8.6254841e-03
 -6.3264682e-03
 -2.4535963e-02
 -6.2441919e-03
 -2.9278301e-02
  6.4395769e-03
  1.0947685e-02
  2.1691411e-03
  5.5184104e-03
 -1.2742132e-02
 -1.7813943e-01
 -3.4019660e-02
 -2.1569101e-02
 -9.1451994e-04
  8.6590741e-03
 -1.0032598e-02
 -6.7938171e-02
 -1.0608714e-02
  9.0164281e-03
  4.8170704e-03
  1.4682332e-03
 -2.8161308e-01
 -2.8288373e-01
  4.9962536e-03
 -2.2483457e-02
  4.6394315e-01
  2.3149380e-02
  2.0224345e-03
  1.5177325e-02
 -1.5853491e-02
 -5.8396365e-03
  1.2088051e-01
  1.1216361e-02
 -7.1917637e-03
 -1.0481383e-02
 -5.1823162e-02
  1.2322932e-02
  4.5935768e-03
  2.3222913e-03
  2.0607114e-02
 -2.8264454e-02
 -1.7148389e-02
  4.7829706e-02
  9.7700432e-02
 -7.3346975e-03
 -7.8950794e-03
  1.2397773e-02
  2.2368392e-03
 -5.6991773e-03
  1.7872369e-02
  2.6729062e-02
  2.0427085e-02
 -8.3325515e-03
 -7.7846847e-03
  6.5156077e-03
  5.4930476e-03
 -4.1845571e-03
 -2.0102574e-02
  2.6082883e-02
  3.5663497e-02
  4.3271321e-01
  1.9613853e-02
 -4.2260364e-03
 -7.2266732e-04
 -2.6159657e-02
  3.7882194e-02
 -2.7795721e-02
  3.1062318e-02
  3.2108203e-01
 -3.8996898e-03
 -4.7566071e-03
 -3.6397472e-02
 -1.1229901e-02
 -1.9962844e-03
  3.7632772e-04
  1.1134726e-02
 -4.8259026e-03
 -1.8547041e-02
 -3.4118423e-03
 -6.5403702e-03
 -1.1382408e-02
 -1.1323214e-02
  1.9039489e-02
  1.3336224e-02
 -2.4857415e-02
 -1.2570348e-02
  7.4027819e-03
 -2.6113542e-02
  3.7799173e-03
 -3.4649784e-04
  9.2062458e-02
 -2.0429093e-02
 -1.4027748e-02
 -9.3968920e-03
 -3.1283873e-03
  4.7019213e-03
 -3.5930641e-02
  5.6989458e-03
  2.9623121e-02
 -5.2704136e-03
  1.7857455e-02
 -2.1356292e-02
 -1.5942050e-02
  9.0894802e-04
  1.9683797e-02
  1.6883330e-02
  3.1296048e-02
  4.1035167e-03
  5.4026056e-02
 -1.8543541e-02
  5.0283615e-03
  4.9525341e-03
 -5.8465973e-03
 -1.7216658e-02
 -8.2002012e-03
 -1.1404344e-02
  1.2413766e-02
 -2.5799889e-02
 -1.2958776e+00
 -2.1093352e-02
 -1.2868044e-01
  1.9742672e-03
 -3.0861843e-01
  3.3315422e-03
 -2.0797733e-02
  1.0267692e+00
 -2.7619381e-02
  8.0062160e-03
 -2.5056042e-02
 -1.4357330e-02
  1.2104732e-01
  3.7709931e-01
 -2.8694471e-02
 -1.2265448e-02
  6.4704730e-04
  2.5907433e-02
 -2.7103232e-02
 -2.0532385e-02
 -1.0878438e-01
 -3.9666217e-02
  3.0753575e-03
 -8.6361438e-01
  4.4579071e-01
 -2.7815694e-01
  1.2736918e-03
 -7.6718795e-01
  9.4961923e-01
 -8.1936794e-04
 -6.8593407e-01
  4.3399981e-01
 -2.4324859e-02
  2.3638147e-03
  1.1668151e-02
  1.9964417e-03
 -1.5778342e-01
 -7.1511269e-02
 -1.5860614e-01
  7.0963508e-01
  8.4101897e-01
  1.9067843e-01
  7.9895422e-04
  1.4835399e-02
 -2.0459989e-02
  9.5784891e-01
  1.0056940e+00
  1.4647614e+00
 -6.4630605e-02
 -3.5637903e-03
 -4.8029210e-02
  1.0247370e+00
  1.2747474e-02
  6.5644694e-05
  1.6190445e-03
  3.1540859e-02
 -3.2997882e-01
 -1.3116691e-02
  1.8157046e-03
  1.3972153e-02
 -3.0917409e-01
 -3.6816680e-01
 -9.6534733e-03
  3.5892959e+00
 -1.6605984e-02
 -3.7042633e-02
 -4.1293722e-01
 -2.0496406e-02
 -6.3429213e-01
 -1.8508852e+00
  4.7662463e-02
  5.1534835e-02
  3.6556428e-04
  6.1863869e-01
 -4.6197942e-01
  8.8098878e-01
  6.1982304e-01
 -3.4018748e-03
  1.7158294e-01
 -1.0984503e+00
  4.3986309e-02
 -6.6252854e-03
 -7.0882300e-03
  4.5284475e-03
  2.6765245e-03
  1.7926901e-03
 -1.6328777e-01
  3.4034780e-01
 -8.4708718e-04
  1.8604524e-02
  4.2004275e-01
  3.0060699e-03
  3.8548203e-03
 -1.9439558e+00
 -1.6452482e-01
  3.2055524e-01
 -1.6346820e-02
  2.3805676e-02
 -9.7709224e-03
  4.2194125e-01
  9.4466498e-03
  7.1288630e-02
 -1.8730010e+00
  6.1140406e-01
  1.0659833e-02
 -2.4785984e-01
 -3.8232282e-01
  8.1184423e-01
 -1.7997009e-01
 -7.7751982e-01
 -1.4469976e-03
 -9.5308740e-03
 -5.0304537e-03
  8.6064175e-02
 -5.1789531e-03
  1.9413438e-02
  1.8651843e-02
 -2.0652603e-02
  2.9848360e-02
 -4.1619457e-02
  5.2202243e-01
 -1.7471414e-02
  2.4198000e+00
 -2.6577089e-03
 -1.5990659e+00
 -8.8759363e-03
  1.3359145e-02
  1.2903615e+00
  6.9877394e-03
  1.0218502e-01
 -1.2212468e-02
  1.9477244e-02
 -2.3630390e-01
  3.2306117e-01
  8.9013316e-02
 -5.7358891e-02
 -8.8397395e-03
  6.2598354e-01
 -8.7365389e-02
 -1.7552882e-01
 -9.4427146e-02
  1.7845145e-01
  2.8038046e-01
 -5.3081286e-01
 -8.7465167e-01
  5.9331208e-01
  3.1984982e-03
  9.6782851e-01
 -1.8622169e-02
 -1.6885549e-02
  2.2366657e+00
 -1.0746319e+00
  2.2777748e-01
  2.6127005e-02
 -1.6704338e-02
 -2.1374492e-02
 -2.1363360e-01
  9.9716842e-02
  4.2142430e-01
  1.4660722e+00
  5.5271572e-01
  1.6969500e+00
  2.0089671e-01
  1.0611678e-02
  2.1145220e-01
  6.4599806e-01
 -1.0276191e+00
 -1.5010180e+00
  2.3361294e+00
  2.7159024e-03
 -1.3994594e-02
  9.7015762e-01
  1.6686375e-03
 -3.1351987e-02
  1.2063271e-01
 -1.3197728e-02
 -7.6535486e-02
  3.2041781e-02
 -7.2464957e-03
 -1.2753216e+00
 -1.3576421e-01
 -8.3217281e-01
  1.0926852e-01
  1.2663450e+00
  3.0331165e-02
  1.6886208e-02
 -9.0284723e-01
 -8.6876355e-02
  1.3312026e-02
  1.0222985e+00
 -8.0799181e-03
 -4.4777620e-01
 -5.2211969e-03
  8.7757301e-01
  1.4588599e+00
  5.6147963e-01
 -1.1800343e+00
  7.4538380e-02
  9.8699909e-01
 -1.0874074e+00
  9.9133052e-02
  6.7652628e-02
 -1.1579052e-01
  6.6139907e-02
 -7.5144988e-01
  1.5169177e-02
  5.3899175e-01
  7.2424090e-01
  8.1114992e-03
 -1.4024439e-01
  7.9654622e-01
 -1.2231615e-03
 -9.5243141e-02
 -7.1531147e-01
 -9.7604352e-01
 -2.7825303e+00
  6.5805363e-03
  1.4861841e-01
  2.0215712e-02
  1.5725410e+00
  1.6822492e-01
 -9.3222553e-01
  4.7941542e-01
  6.2817018e-03
 -8.4334522e-02
  1.3121549e+00
  4.3823746e-01
 -8.4471959e-01
 -1.6659484e+00
  1.6866014e+00
 -1.9344115e-01
  6.2356419e-03
 -3.0685186e-02
 -1.7178170e-02
 -1.5392388e-01
  5.0741818e-02
 -6.0576122e-02
  1.7255066e-02
 -8.7677792e-02
 -1.3093750e-01
 -1.7582052e+00
  6.5601361e-01
 -3.1819212e+00
  1.5553722e+00
  1.8560961e+00
 -3.4159890e-01
 -3.9900444e-03
  3.4119481e-01
  1.8651523e-01
 -2.2175920e+00
 -2.0620392e-01
  3.4789670e+00
 -1.5303237e+00
  1.6639247e+00
  5.1472557e-01
 -9.5518522e-02
 -3.0608604e+00
 -1.4825939e+00
  1.2680310e+00
 -9.1148531e-01
  2.2784572e-02
 -1.1230695e-01
 -1.5188977e+00
 -1.7321727e-01
 -1.2766762e+00
 -9.0041894e-01
 -5.4674757e-01
 -4.5855218e-01
  2.8643537e-02
 -4.1842942e+00
  2.2719953e+00
  6.0424542e-01
  5.3375655e-01
 -3.5462108e+00
 -8.7556601e-01
  2.3934724e+00
  4.3586835e-01
 -1.1543359e+00
 -3.7988832e+00
  1.5069896e+00
  8.5514379e-01
  8.6733017e+00
 -2.6507869e-01
 -1.1918548e+00
 -6.7703998e-01
 -7.4787617e-01
  3.7706393e-01
 -1.0748163e+00
  7.1442006e-03
 -1.0095237e+00
  2.7408381e+00
  1.1011728e+00
 -1.2308770e+00
  6.5159714e-01
  6.8626207e-01
  2.0365710e+00
 -7.5848782e-01
 -7.4266785e-01
 -1.4287598e+00
  3.4345010e-01
  6.3888609e-01
 -1.0096765e-01
 -1.9120464e+00
 -1.6885728e-01
  3.2175817e+00
  9.7247428e-01
 -1.6939312e+00
  1.1604778e+00
  2.5591757e+00
  1.5925940e+00
 -2.1910632e+00
  8.7407005e-01
  1.7267996e-01
 -1.4968646e+00
 -4.4981366e-01
  3.3637580e-01
 -4.1383514e-01
 -2.5139964e+00
  1.4379967e+00
 -1.6398710e+00
 -6.7996097e-01
 -5.4777682e-01
  2.3519571e+00
 -3.0010414e-01
  8.6127654e-02
  7.7432871e-02
  1.1655542e+00
 -7.0497882e-01
 -5.4338318e-01
  2.5820894e+00
 -2.0493097e+00
  2.5728822e+00
 -1.0575626e+00
  5.2555531e-01
 -1.9944042e+00
  1.1985098e+00
 -2.7360466e-01
  4.5772514e-01
 -2.1263027e-01
 -6.5923071e-01
 -4.7263465e+00
  1.1329404e+00
  3.0449347e+00
 -2.6471543e+00
 -1.7190968e+00
 -2.9480855e+00
 -9.9417910e-02
 -2.5656283e+00
 -7.0368737e-01
  5.5413514e-01
 -2.6281255e-01
 -3.9793472e+00
  1.4469814e+00
  2.0299950e+00
 -1.1974685e-01
 -5.3426516e-01
 -1.1054764e+00
 -1.0425631e+00
 -2.2913030e-01
  1.8033595e+00
 -3.6946001e+00
 -9.5422423e-01
 -1.8542738e+00
 -1.0946877e+00
  1.7090559e+00
  1.4906881e+00
 -2.0538409e+00
 -1.8743677e+00
  2.5113833e+00
  1.8599948e+00
 -1.8165649e+00
  2.6346250e+00
  2.7626774e-01
  1.6180352e+00
 -1.2259734e+00
 -1.3757956e+00
 -8.6458176e-02
 -1.1359469e+00
  3.9781374e-01
 -2.7330775e+00
  6.7348087e-01
 -3.7234399e-01
  2.4975306e-01
 -3.0533856e-02
 -1.7734575e+00
 -4.7661203e-01
 -2.2815850e+00
  2.5014501e+00
 -1.6916758e+00
  4.3467963e-01
 -2.6161418e+00
  3.9497287e+00
  6.9868195e-01
 -2.8900552e+00
  7.7659018e-02
 -2.1200812e-01
 -6.6170566e-02
 -7.3013023e-02
 -1.6029875e+00
  1.5897369e+00
  3.2047417e+00
 -1.5432885e-01
  1.0647569e+00
 -1.9777712e+00
  2.8802125e+00
  1.5912538e+00
 -1.5832409e+00
 -9.4956383e-02
 -3.4389989e+00
 -1.3770880e+00
 -1.6383027e+00
  5.1790517e-02
  4.5350498e-01
 -2.0952718e+00
 -1.6590756e+00
  1.1725655e+00
  2.2478929e+00
 -1.7086892e+00
 -2.0478225e+00
 -1.4312624e+00
 -3.1697831e+00
 -1.4316438e+00
 -2.7957640e+00
 -3.0261078e-01
  4.9578154e-01
  3.6615551e-01
 -7.1597815e-04
 -6.4525781e+00
  4.6226912e+00
 -1.3544038e-01
  2.6953205e-01
  9.1622734e-01
 -3.6320345e+00
  1.8018371e+00
 -8.5409395e-03
 -1.7025819e+00
  1.8856572e+00
 -1.3068385e+00
 -1.2534255e+00
  9.1722268e-01
 -9.7745389e-01
  1.4048277e+00
  1.7547139e+00
  2.3648736e+00
 -3.1786585e-01
 -2.8182156e-02
 -5.4235274e-01
 -5.0928984e-02
  9.6309346e-01
  3.1064341e+00
 -2.0444509e-01
 -6.2166828e-01
  7.5196636e-01
  1.4925170e-01
  3.2293397e-01
 -1.6618686e+00
  3.5080254e-01
  1.6190509e+00
 -1.0964745e+00
 -2.0770137e+00
  2.1243656e+00
 -1.5863129e+00
 -2.3415987e-01
  4.9267256e-01
  3.7963686e+00
 -2.3651579e-01
 -1.5899655e-01
  1.0111133e+00
 -2.2710040e+00
  5.3567600e-01
  4.3357092e-01
 -2.1372779e-01
 -1.6991113e-01
  5.9331393e-01
 -4.3242302e+00
 -8.1250405e-01
  3.2321095e+00
 -2.8644574e+00
  2.1785047e+00
 -2.1207690e-01
 -2.3801470e+00
  9.9111825e-01
 -5.7563889e-01
  2.2452718e-01
  1.3050023e-02
  2.7464882e-01
 -2.0942702e+00
  1.2757289e+00
  1.9976435e+00
 -1.9622320e+00
 -2.2405300e+00
 -3.3305618e-01
  2.5964510e+00
 -9.8920715e-01
  1.8119686e+00
  4.4728240e-01
 -4.8846936e-01
  3.5484514e+00
 -1.9099452e+00
  2.0259900e+00
 -2.4246376e+00
 -2.1386375e+00
  3.4045770e+00
 -1.2823822e+00
  3.0312123e+00
  2.5508904e-01
  3.1301357e-02
 -5.4863310e-01
 -7.9343814e-01
 -6.3050526e-01
 -1.2215523e+00
 -8.7914091e-01
 -1.2127067e+00
  3.0426776e-01
 -2.9283993e+00
 -7.0148164e-01
 -4.0132189e+00
 -5.5443114e-01
  8.5712713e-01
  3.2305446e-01
 -1.3387361e+00
  2.5690241e+00
  2.0350568e+00
  1.1684669e+00
  5.7028443e-01
 -1.5592752e+00
 -1.7429414e+00
 -3.2913299e+00
  1.5348176e+00
 -1.4257919e+00
  1.4336640e+00
  6.0215384e-01
  7.1637338e-01
 -2.2962074e+00
  1.3129444e+00
  1.0505391e+00
 -2.5857974e-02
 -2.2989006e+00
 -3.0033607e+00
  6.8088949e-01
  1.1582670e-01
 -1.1460316e+00
 -3.2851508e+00
  4.2482834e-02
  1.2146469e-01
 -2.4378350e+00
  3.5871062e+00
 -3.1950819e+00
 -6.6043004e-02
  1.4191650e+00
 -7.7296740e-01
  6.2999770e-02
  1.1925226e-01
  1.8642266e-01
  2.0503409e+00
 -2.7784328e+00
  1.0259384e+00
  4.9205211e-01
  1.4605280e+00
  1.6390553e+00
  2.6549895e+00
  1.3777050e+00
  2.4266052e+00
 -1.5044469e+00
  2.1559658e+00
 -1.6112483e-01
 -3.3399215e-01
 -1.6019920e+00
  1.3363811e+00
  5.3377002e-01
 -7.3241204e-02
  3.7629068e+00
  7.4158686e-01
  6.5040864e-02
  3.9107790e+00
  7.3110592e-01
  1.2795428e+00
  2.4438417e-01
 -2.7313367e-01
  3.4611690e-01
  2.5958952e-01
  8.4971231e-01
 -1.6132274e+00
  1.8419633e+00
  2.7567416e-01
 -6.2306476e-01
  7.7241766e-01
  1.6855031e-01
 -1.0560209e-01
 -1.5193214e+00
 -5.9645712e-01
  2.1163762e-01
 -3.5960891e+00
 -6.3335323e-01
 -8.4477812e-01
  2.8063250e-01
 -2.1956952e+00
 -5.4996246e-01
 -1.4706087e+00
  5.2821183e-01
 -7.4171126e-01
  4.0041280e-01
 -6.0670090e-01
  4.7629115e-01
 -1.2458277e+00
  9.4629459e-02
 -1.4675289e-01
 -2.1606500e+00
 -1.2624248e+00
 -2.7170423e-01
 -1.5076839e+00
 -2.1006639e+00
  8.2617080e-01
 -2.2283273e+00
  8.5846776e-01
 -1.4458184e-01
 -2.3207176e+00
 -1.1469307e+00
  4.0537701e+00
  3.7412371e-02
 -1.0691118e+00
 -3.8846713e-01
  2.0187540e+00
  6.8430372e-02
  7.3228270e-02
  8.0501032e-01
  1.6364901e-01
 -2.4288565e-02
  5.6554228e-01
  9.3020523e-01
 -5.6468272e-01
 -1.9003059e-01
 -7.9623306e-01
  6.7778301e-01
 -4.2753223e-01
 -1.2144858e-01
  3.0969387e-01
 -8.1462437e-01
 -1.2638372e+00
 -7.5278491e-01
 -1.3950394e+00
  1.5567619e-02
  8.0264109e-01
  8.9030856e-01
 -8.8748091e-01
  2.9478362e-02
  1.3731996e+00
 -1.4727725e-01
  2.5379341e+00
  8.5365772e-02
  3.5642993e-01
  1.2475815e+00
 -3.6832476e-01
  8.5384876e-01
 -9.0093446e-01
  2.3442130e+00
 -1.2380574e+00
  3.7019858e-01
 -2.5628105e-01
  1.6056131e+00
 -4.4452408e-01
  3.5344160e-01
  5.0957018e-01
 -4.9654874e-01
 -6.4592278e-01
  1.4696695e-01
 -5.3389259e-02
 -1.0795099e+00
 -6.9152814e-01
  1.7118785e-01
 -5.4615968e-01
 -6.3356930e-01
 -8.0804601e-02
 -2.3612295e-01
  2.3651360e-01
  7.9549277e-01
 -1.2469755e-01
 -7.6445746e-01
 -1.1205183e+00
 -4.5320278e-01
  5.8573570e-02
  7.5961655e-01
  3.9101803e+00
 -1.3320850e-01
  6.7219019e-01
 -2.2066404e-01
 -1.9222710e-01
 -1.3310595e+00
 -1.2547826e+00
 -1.0861282e+00
  7.6663263e-02
 -5.5999660e-01
 -1.2516801e-01
 -9.4967872e-01
 -1.0499852e+00
  5.9255195e-01
  1.8764026e+00
 -4.0654692e-01
  2.2763252e-01
  2.2154415e-01
 -6.8566513e-01
  2.3475552e-02
  2.9965869e-01
 -1.4207524e-01
 -4.1656751e-02
 -2.5463739e-02
  4.9914753e-01
 -1.9780371e-01
  1.1526656e-01
  8.3714145e-01
 -1.5046616e+00
 -4.1483647e-01
  1.9800115e+00
  1.3499888e+00
  2.7767718e+00
 -9.0581936e-01
  9.6689895e-02
 -5.1171559e-01
 -1.0035602e-01
 -1.2486400e-01
  1.5000813e+00
  1.3239938e-01
 -3.4841195e-01
 -1.1981437e+00
  1.2000962e+00
  6.6342825e-01
  2.2711821e+00
 -7.1987081e-01
 -3.3775370e+00
  7.1229950e-02
  2.1504071e-01
 -2.6521895e-02
  3.5113782e-01
  1.1438734e-02
 -1.6659892e+00
  1.0793442e+00
  1.4584613e+00
 -2.5935492e-01
 -1.4163077e+00
  6.8115646e-01
  2.5860307e-01
 -9.7587220e-02
 -5.3022295e-01
  2.4339138e-01
 -5.9780687e-01
  4.1454911e+00
 -1.2387263e+00
 -1.6347049e+00
 -1.6944259e+00
  1.2405432e+00
 -1.8115658e+00
 -8.6713076e-01
 -6.8082500e-01
 -8.5532451e-01
 -5.8936626e-01
 -2.7304855e-01
  2.4908900e+00
 -2.9839711e+00
  9.7506666e-01
 -1.2902188e-01
 -1.1505989e+00
 -2.2371604e+00
 -1.0371146e+00
  4.4283725e-02
 -1.1305991e+00
 -1.9435272e-01
  7.6208763e-02
  1.9289553e-01
  3.4626787e+00
 -3.8206745e-02
 -7.6840311e-01
  1.8865823e+00
 -2.6480414e-02
 -2.6496494e-01
 -6.7875379e-01
  1.7939521e+00
 -1.3002069e+00
 -4.4468039e-01
 -6.2036753e-01
  9.0269125e-01
 -1.7343324e+00
  8.2287687e-01
 -2.9759917e+00
 -1.5134890e-02
 -1.0526884e+00
  8.9576358e-01
 -2.2390757e+00
 -6.3595563e-01
 -3.9519292e-01
 -5.5490685e-01
  2.9996865e+00
  1.2173606e+00
  2.6034126e+00
 -9.2135245e-01
 -1.5619972e-01
  1.3602369e-01
 -8.7928373e-01
  5.9554762e-01
  9.4087809e-01
  4.7676781e-01
 -1.7764858e+00
 -3.2445663e-01
  5.1459402e-01
  1.7632762e-01
 -1.7719290e-01
 -8.1153822e-01
  2.4291935e+00
  4.7031277e-01
 -1.7040335e+00
 -8.3953500e-01
  1.7349925e+00
  9.6881464e-02
 -1.8724034e+00
 -2.3411568e-01
  8.3093125e-01
  1.3902965e-01
 -7.1762651e-01
 -3.5611601e-03
 -4.5337981e-01
  2.3547016e-01
 -1.8963531e-01
 -2.5275183e-01
 -3.3566015e+00
 -2.8367728e-01
 -8.5233405e-02
 -8.3360493e-01
  2.3148627e+00
 -2.2993109e+00
 -2.5528990e-02
  5.0290570e-02
  7.4872124e-01
 -1.8759271e+00
 -1.3304287e+00
  1.1113726e+00
 -7.4532574e-01
 -9.9264127e-01
  8.0103017e-02
  7.8938591e-01
 -2.0502894e+00
  6.8001884e-01
  7.8292781e-01
  2.2016875e-01
 -4.5443881e-01
  8.1624120e-01
 -1.4836321e+00
 -1.5965915e-01
  2.7953038e-01
  7.7116150e-01
 -3.5465155e-03
 -1.0630848e-01
  2.9428825e-01
  3.1818488e-01
 -7.4802643e-01
  7.9051334e-01
  9.9129915e-01
 -3.5281923e-01
  2.1529603e+00
  7.0188344e-01
 -8.1580234e-01
  2.7162633e+00
  1.2460364e+00
  1.4500760e-01
  2.6960764e+00
 -2.2885666e+00
  1.9409759e+00
 -5.8703965e-01
  4.2661672e+00
 -1.1744471e+00
  7.8056228e-01
 -5.6359500e-01
  3.2983777e-01
  5.3008282e-01
 -9.0855414e-01
 -3.4533608e-01
 -2.0154700e+00
  9.8132712e-01
 -1.4019252e+00
 -3.5679722e-01
 -4.0816622e+00
  1.9965802e-01
 -1.2056643e+00
 -2.2535753e-01
 -2.4945703e+00
 -1.1304307e-01
 -2.1245511e-01
 -1.3755167e-01
 -1.0018156e+00
  2.0640828e-02
  6.6079074e-01
  2.2981092e-03
  2.2981092e-03
  2.2981092e-03
  2.2981092e-03
  2.2981092e-03
  2.2981092e-03
  2.2981092e-03
  2.2981092e-03
  2.2981092e-03
  4.5621261e-02
  4.5621261e-02
  4.5621261e-02
  4.5621261e-02
  4.5621261e-02
  4.5621261e-02
  4.5621261e-02
  4.5621261e-02
  4.5621261e-02
  2.3725821e-02
  2.3725821e-02
  2.3725821e-02
  2.3725821e-02
  2.3725821e-02
  2.3725821e-02
  2.3725821e-02
  2.3725821e-02
  2.3725821e-02
  9.3891053e-03
  9.3891053e-03
  9.3891053e-03
  9.3891053e-03
  9.3891053e-03
  9.3891053e-03
  9.3891053e-03
  9.3891053e-03
  9.3891053e-03
  5.2291825e-03
  5.2291825e-03
  5.2291825e-03
  5.2291825e-03
  5.2291825e-03
  5.2291825e-03
  5.2291825e-03
  5.2291825e-03
  5.2291825e-03
  1.1239321e-02
  1.1239321e-02
  1.1239321e-02
  1.1239321e-02
  1.1239321e-02
  1.1239321e-02
  1.1239321e-02
  1.1239321e-02
  1.1239321e-02
